ID,Beacon_Score,Mortgage_Balance,Avg_Monthly_Transactions,Has_Payroll,Has_Investment,Has_Visa,VISA_balance,Has_Deposit,Not_Mortgage_Balance,Services,Tenure_In_Months,TermInMonths,TermToMaturity,InterestRate,Closing_status,Cluster,PCA1,PCA2,Cluster_Label
10678,460,930513,1,0,0,0,0,1,12911,2,35,48,23.5,0.0314,0,6,-2.701768482,-0.162842806,"Low Activity, Low Credit Score"
10483,825,900825,111,1,0,1,2148.674206,1,212295,8,60,48,10.5,0.0309,0,4,3.313917728,-1.904424506,"High Activity, Very High Mortgage"
10007,801,243846.84,2,0,0,0,0,1,259.4366667,2,48.16666667,60,24,0.0385,1,0,-1.916723205,0.528894814,"Low Activity, High Credit Score"
10531,815,360233,49,1,0,0,0,1,7616,4,407,60,5,0.0385,0,5,1.552145114,2.126612901,"High Activity, Low Mortgage"
9997,815,360226.24,49,1,0,0,0,1,7613.42,4,407,60,5,0.0385,1,5,1.552139941,2.126623042,"High Activity, Low Mortgage"
10603,805,210608,3,0,0,1,0,1,20002,2,60,60,25,0.0269,0,0,-1.792187192,-1.337735895,"Low Activity, High Credit Score"
10278,769,1201997,135,1,1,1,0,1,10133,5,100,60,5,0.0345,0,2,2.585378066,0.138280018,"High Activity, High Mortgage"
10116,805,210610,3,0,0,1,0,1,20003,2,60,60,25,0.0269,0,0,-1.792185263,-1.337739365,"Low Activity, High Credit Score"
10175,761,118424,2,0,0,0,0,1,327,1,38,48,10,0.0385,0,0,-1.817639869,1.723054202,"Low Activity, High Credit Score"
10403,805,210612,3,0,0,1,0,1,20004,2,60,60,25,0.0269,0,0,-1.792183334,-1.337742834,"Low Activity, High Credit Score"
10029,761,118413.5,2,0,0,0,0,1,324.0366667,1,37.66666667,48,10,0.0385,1,0,-1.818502606,1.722461717,"Low Activity, High Credit Score"
10004,701,810977.39,2,0,0,0,0,1,35.97,1,60,12,4,0.0279,1,3,-2.137224823,1.836975114,"Moderate Activity, Moderate Mortgage"
10299,555,310766,1,0,0,0,0,1,287,2,35,60,25,0.0269,0,6,-2.712804114,-0.425709273,"Low Activity, Low Credit Score"
10661,765,401958,1,0,0,0,0,1,200,1,40,60,16,0.0385,0,0,-1.903859782,0.861241991,"Low Activity, High Credit Score"
10722,815,360244,49,1,0,0,0,1,7619,4,407,60,5,0.0385,0,5,1.552151513,2.126598772,"High Activity, Low Mortgage"
10353,764,648451,6,1,0,1,0,1,409073,5,122,60,15,0.0279,0,1,0.970736733,-1.68196832,"Moderate Activity, High Mortgage"
10726,715,1247538,44,1,0,1,1778.468099,1,15413,7,272,60,16,0.0385,0,4,2.453203858,-1.213701995,"High Activity, Very High Mortgage"
10312,805,210622,3,0,0,1,0,1,20007,2,60,60,25,0.0269,0,0,-1.792177058,-1.337756219,"Low Activity, High Credit Score"
10745,742,202786,88,1,0,1,0,1,117867,7,297,60,7,0.0279,0,5,2.372944613,-0.214321306,"High Activity, Low Mortgage"
10109,760,575951,5,0,0,1,0,1,55563,2,55,60,25,0.0259,0,0,-1.783195614,-1.761977671,"Low Activity, High Credit Score"
10326,715,1247546,44,1,0,1,1778.468099,1,15415,7,272,60,16,0.0385,0,4,2.453208206,-1.21371191,"High Activity, Very High Mortgage"
10545,742,202791,88,1,0,1,0,1,117868,7,297,60,7,0.0279,0,5,2.372946909,-0.214327008,"High Activity, Low Mortgage"
10458,701,811011,2,0,0,0,0,1,46,1,60,12,4,0.0279,0,3,-2.137203817,1.836930233,"Moderate Activity, Moderate Mortgage"
10422,815,360260,49,1,0,0,0,1,7624,4,407,60,5,0.0385,0,5,1.552161892,2.12657696,"High Activity, Low Mortgage"
10257,742,202798,88,1,0,1,0,1,117871,7,297,60,7,0.0279,0,5,2.372952819,-0.21433816,"High Activity, Low Mortgage"
10196,354,301257,1,0,0,0,0,1,51812,3,60,24,12,0.0304,0,6,-2.415972936,1.436396711,"Low Activity, Low Credit Score"
10060,815,360226.24,49,1,0,0,0,1,7613.42,4,407,60,5,0.0385,1,5,1.552139941,2.126623042,"High Activity, Low Mortgage"
10031,568,610258.05,97,0,1,1,508,1,4325.65,6,78,60,16,0.0279,1,2,0.665162137,-0.925076217,"High Activity, High Mortgage"
10006,765,401940.02,1,0,0,0,0,1,194.8366667,1,40,60,16,0.0385,1,0,-1.903870679,0.8612656,"Low Activity, High Credit Score"
10023,764,648431.64,6,1,0,1,0,1,409067.67,5,122,60,15,0.0279,1,1,0.970725387,-1.681943354,"Moderate Activity, High Mortgage"
10395,460,930554,1,0,0,0,0,1,12924,2,35,48,23.5,0.0314,0,6,-2.701741569,-0.162899071,"Low Activity, Low Credit Score"
10444,764,648475,6,1,0,1,0,1,409081,5,122,60,15,0.0279,0,1,0.970753144,-1.682002029,"Moderate Activity, High Mortgage"
10609,805,210644,3,0,0,1,0,1,20013,2,60,60,25,0.0269,0,0,-1.79216426,-1.337784477,"Low Activity, High Credit Score"
10387,460,930556,1,0,0,0,0,1,12924,2,35,48,23.5,0.0314,0,6,-2.701741325,-0.16290056,"Low Activity, Low Credit Score"
10091,801,243846.84,2,0,0,0,0,1,259.4366667,2,48.16666667,60,24,0.0385,1,0,-1.916723205,0.528894814,"Low Activity, High Credit Score"
10243,809,51558,46,1,1,0,0,1,207655,6,416,60,17,0.0279,0,5,1.97239948,1.093104721,"High Activity, Low Mortgage"
10286,825,900869,111,1,0,1,2148.674206,1,212309,8,60,48,10.5,0.0309,0,4,3.313946692,-1.904484984,"High Activity, Very High Mortgage"
10295,555,310799,1,0,0,0,0,1,297,2,35,60,25,0.0269,0,6,-2.712783233,-0.425753642,"Low Activity, Low Credit Score"
10691,761,575974,5,0,0,1,0,1,55570,2,55,60,25,0.0259,0,0,-1.781489658,-1.762023143,"Low Activity, High Credit Score"
10669,770,1202040,135,1,1,1,0,1,10146,5,100,60,5,0.0345,0,2,2.587096575,0.138207776,"High Activity, High Mortgage"
10432,716,1247569,44,1,0,1,1778.468099,1,15423,7,272,60,16,0.0385,0,4,2.454915846,-1.213759363,"High Activity, Very High Mortgage"
10430,681,274318,25,1,1,0,0,1,32601,4,175,24,10,0.0385,0,3,0.476699347,3.122267333,"Moderate Activity, Moderate Mortgage"
10529,716,1247572,44,1,0,1,1778.468099,1,15423,7,272,60,16,0.0385,0,4,2.454916213,-1.213761595,"High Activity, Very High Mortgage"
10180,762,118471,2,0,0,0,0,1,341,1,38,48,10,0.0385,0,0,-1.815919186,1.722977003,"Low Activity, High Credit Score"
10107,355,301278,1,0,0,0,0,1,51819,3,60,24,12,0.0304,0,6,-2.414267225,1.436352728,"Low Activity, Low Credit Score"
10038,805,210600.05,3,0,0,1,0,1,20000,2,60,60,25,0.0269,1,0,-1.792191534,-1.337726017,"Low Activity, High Credit Score"
10202,556,310811,1,0,0,0,0,1,300,2,35,60,25,0.0269,0,6,-2.711085361,-0.425783003,"Low Activity, Low Credit Score"
10135,716,1247578,44,1,0,1,1778.468099,1,15425,7,272,60,16,0.0385,0,4,2.454920316,-1.213770023,"High Activity, Very High Mortgage"
10536,743,202823,88,1,0,1,0,1,117878,7,297,60,7,0.0279,0,5,2.374659019,-0.21438512,"High Activity, Low Mortgage"
10521,681,274326,25,1,1,0,0,1,32603,4,175,24,10,0.0385,0,3,0.476703694,3.122257417,"Moderate Activity, Moderate Mortgage"
10316,806,210663,3,0,0,1,0,1,20019,2,60,60,25,0.0269,0,0,-1.790460478,-1.337824991,"Low Activity, High Credit Score"
10334,816,360292,49,1,0,0,0,1,7633,4,407,60,5,0.0385,0,5,1.553872318,2.126520828,"High Activity, Low Mortgage"
10304,806,210670,3,0,0,1,0,1,20021,2,60,60,25,0.0269,0,0,-1.790456253,-1.337834162,"Low Activity, High Credit Score"
10642,743,202832,88,1,0,1,0,1,117881,7,297,60,7,0.0279,0,5,2.374665173,-0.214397761,"High Activity, Low Mortgage"
10568,762,118486,2,0,0,0,0,1,346,1,38,48,10,0.0385,0,0,-1.815908929,1.722955935,"Low Activity, High Credit Score"
10672,770,1202063,135,1,1,1,0,1,10153,5,100,60,5,0.0345,0,2,2.587111179,0.138176793,"High Activity, High Mortgage"
10344,765,648508,6,1,0,1,0,1,409091,5,122,60,15,0.0279,0,1,0.972465376,-1.682060885,"Moderate Activity, High Mortgage"
10451,743,202841,88,1,0,1,0,1,117883,7,297,60,7,0.0279,0,5,2.374669643,-0.21440842,"High Activity, Low Mortgage"
10321,681,274343,25,1,1,0,0,1,32608,4,175,24,10,0.0385,0,3,0.476714196,3.122234861,"Moderate Activity, Moderate Mortgage"
10266,825,1000970,2,0,0,0,0,1,40,2,100,60,12,0.0279,0,0,-1.485325356,-0.085372306,"Low Activity, High Credit Score"
10459,795,290839,2,0,0,0,0,1,169,2,79,24,4,0.0279,0,3,-1.680434055,1.857533944,"Moderate Activity, Moderate Mortgage"
10474,826,900904,111,1,0,1,2148.674206,1,212319,8,60,48,10.5,0.0309,0,4,3.315659169,-1.904545329,"High Activity, Very High Mortgage"
10656,795,290841,2,0,0,0,0,1,170,2,79,24,4,0.0279,0,3,-1.680432126,1.857530474,"Moderate Activity, Moderate Mortgage"
10377,826,900906,111,1,0,1,2148.674206,1,212320,8,60,48,10.5,0.0309,0,4,3.315661098,-1.904548798,"High Activity, Very High Mortgage"
10749,702,811061,2,0,0,0,0,1,61,1,60,12,4,0.0279,0,3,-2.135481083,1.83684882,"Moderate Activity, Moderate Mortgage"
10516,816,360312,49,1,0,0,0,1,7639,4,407,60,5,0.0385,0,5,1.553884871,2.126494059,"High Activity, Low Mortgage"
10470,802,243933,2,0,0,0,0,1,285,2,49,60,24,0.0385,0,0,-1.912837102,0.530280987,"Low Activity, High Credit Score"
10210,761,576010,5,0,0,1,0,1,55581,2,55,60,25,0.0259,0,0,-1.781466726,-1.762071725,"Low Activity, High Credit Score"
10668,826,900911,111,1,0,1,2148.674206,1,212321,8,60,48,10.5,0.0309,0,4,3.315663394,-1.9045545,"High Activity, Very High Mortgage"
10237,816,360314,49,1,0,0,0,1,7640,4,407,60,5,0.0385,0,5,1.5538868,2.126490589,"High Activity, Low Mortgage"
10177,802,243937,2,0,0,0,0,1,286,2,49,60,24,0.0385,0,0,-1.912834928,0.530276029,"Low Activity, High Credit Score"
10509,761,576018,5,0,0,1,0,1,55583,2,55,60,25,0.0259,0,0,-1.781462378,-1.76208164,"Low Activity, High Credit Score"
10146,810,51608,46,1,1,0,0,1,207670,6,416,60,17,0.0279,0,5,1.974122214,1.093023308,"High Activity, Low Mortgage"
10056,444,1509560.39,4,0,0,0,0,1,96839.51,2,35,60,25,0.0259,1,6,-2.587948898,-1.581729729,"Low Activity, Low Credit Score"
10690,461,930609,1,0,0,0,0,1,12940,2,35,48,23.5,0.0314,0,6,-2.700016539,-0.162986186,"Low Activity, Low Credit Score"
10429,716,1247616,44,1,0,1,1778.468099,1,15437,7,272,60,16,0.0385,0,4,2.454945177,-1.213822074,"High Activity, Very High Mortgage"
10100,461,930612,1,0,0,0,0,1,12941,2,36,48,23.5,0.0314,0,6,-2.697445104,-0.161171894,"Low Activity, Low Credit Score"
10667,569,610359,97,0,1,1,508,1,4356,6,79,60,16,0.0279,0,2,0.669486344,-0.923407449,"High Activity, High Mortgage"
10652,702,811080,2,0,0,0,0,1,67,1,61,12,4,0.0279,0,3,-2.132899268,1.8386413,"Moderate Activity, Moderate Mortgage"
10497,761,576027,5,0,0,1,0,1,55586,2,56,60,25,0.0259,0,0,-1.77888684,-1.760275775,"Low Activity, High Credit Score"
10195,445,1509665,4,0,0,0,0,1,96871,2,36,60,25,0.0259,0,6,-2.583622324,-1.580065943,"Low Activity, Low Credit Score"
10275,762,118518,2,0,0,0,0,1,355,1,38,48,10,0.0385,0,0,-1.815889855,1.722914292,"Low Activity, High Credit Score"
10018,815,360226.24,49,1,0,0,0,1,7613.42,4,407,60,5,0.0385,1,5,1.552139941,2.126623042,"High Activity, Low Mortgage"
10161,810,51620,46,1,1,0,0,1,207674,6,417,60,17,0.0279,0,5,1.976699803,1.09482496,"High Activity, Low Mortgage"
10740,810,51621,46,1,1,0,0,1,207674,6,417,60,17,0.0279,0,5,1.976699926,1.094824216,"High Activity, Low Mortgage"
10361,702,811088,2,0,0,0,0,1,69,1,61,12,4,0.0279,0,3,-2.132894921,1.838631385,"Moderate Activity, Moderate Mortgage"
10065,764,648431.64,6,1,0,1,0,1,409067.67,5,122,60,15,0.0279,1,1,0.970725387,-1.681943354,"Moderate Activity, High Mortgage"
10468,802,243960,2,0,0,0,0,1,293,2,49,60,24,0.0385,0,0,-1.912820323,0.530245046,"Low Activity, High Credit Score"
10207,806,210714,3,0,0,1,0,1,20034,2,61,60,25,0.0269,0,0,-1.787859589,-1.336074154,"Low Activity, High Credit Score"
10302,461,930627,1,0,0,0,0,1,12946,2,36,48,23.5,0.0314,0,6,-2.697434847,-0.161192962,"Low Activity, Low Credit Score"
10291,556,310867,1,0,0,0,0,1,317,2,36,60,25,0.0269,0,6,-2.708480491,-0.424039849,"Low Activity, Low Credit Score"
10618,681,274382,25,1,1,0,0,1,32620,4,176,24,10,0.0385,0,3,0.479308564,3.124000571,"Moderate Activity, Moderate Mortgage"
10716,816,360346,49,1,0,0,0,1,7649,4,408,60,5,0.0385,0,5,1.556475258,2.128267452,"High Activity, Low Mortgage"
10599,806,210722,3,0,0,1,0,1,20037,2,61,60,25,0.0269,0,0,-1.787853557,-1.33608605,"Low Activity, High Credit Score"
10384,770,1202113,135,1,1,1,0,1,10168,5,101,60,5,0.0345,0,2,2.589711946,0.139928374,"High Activity, High Mortgage"
10122,806,210728,3,0,0,1,0,1,20038,2,61,60,25,0.0269,0,0,-1.787851138,-1.336092496,"Low Activity, High Credit Score"
10347,765,648560,6,1,0,1,0,1,409106,5,123,60,15,0.0279,0,1,0.975066388,-1.680310792,"Moderate Activity, High Mortgage"
10742,743,202890,88,1,0,1,0,1,117898,7,298,60,7,0.0279,0,5,2.377270288,-0.212656095,"High Activity, Low Mortgage"
10408,761,576053,5,0,0,1,0,1,55594,2,56,60,25,0.0259,0,0,-1.778870184,-1.760310972,"Low Activity, High Credit Score"
10094,568,610258.05,97,0,1,1,508,1,4325.65,6,78,60,16,0.0279,1,2,0.665162137,-0.925076217,"High Activity, High Mortgage"
10332,716,1247650,44,1,0,1,1778.468099,1,15447,7,273,60,16,0.0385,0,4,2.457535565,-1.212048681,"High Activity, Very High Mortgage"
10385,569,610391,97,0,1,1,508,1,4366,6,79,60,16,0.0279,0,2,0.669507102,-0.923451073,"High Activity, High Mortgage"
10418,681,274398,25,1,1,0,0,1,32625,4,176,24,10,0.0385,0,3,0.479318943,3.123978759,"Moderate Activity, Moderate Mortgage"
10569,770,1202122,135,1,1,1,0,1,10170,5,101,60,5,0.0345,0,2,2.589716416,0.139917715,"High Activity, High Mortgage"
10718,681,274398,25,1,1,0,0,1,32625,4,176,24,10,0.0385,0,3,0.479318943,3.123978759,"Moderate Activity, Moderate Mortgage"
10357,743,202896,88,1,0,1,0,1,117900,7,298,60,7,0.0279,0,5,2.37727439,-0.212664522,"High Activity, Low Mortgage"
10201,461,930649,1,0,0,0,0,1,12952,2,36,48,23.5,0.0314,0,6,-2.697422049,-0.16122122,"Low Activity, Low Credit Score"
10241,716,1247656,44,1,0,1,1778.468099,1,15448,7,273,60,16,0.0385,0,4,2.457537983,-1.212055127,"High Activity, Very High Mortgage"
10187,770,1202130,135,1,1,1,0,1,10173,5,101,60,5,0.0345,0,2,2.589722448,0.139905818,"High Activity, High Mortgage"
10296,445,1509703,4,0,0,0,0,1,96882,2,36,60,25,0.0259,0,6,-2.583599147,-1.580116013,"Low Activity, Low Credit Score"
10247,765,648574,6,1,0,1,0,1,409110,5,123,60,15,0.0279,0,1,0.975074838,-1.680329135,"Moderate Activity, High Mortgage"
10527,681,274408,25,1,1,0,0,1,32628,4,176,24,10,0.0385,0,3,0.47932522,3.123965374,"Moderate Activity, Moderate Mortgage"
10598,761,576070,5,0,0,1,0,1,55599,2,56,60,25,0.0259,0,0,-1.778859682,-1.760333528,"Low Activity, High Credit Score"
10724,681,274410,25,1,1,0,0,1,32628,4,176,24,10,0.0385,0,3,0.479325464,3.123963886,"Moderate Activity, Moderate Mortgage"
10303,761,576072,5,0,0,1,0,1,55599,2,56,60,25,0.0259,0,0,-1.778859438,-1.760335017,"Low Activity, High Credit Score"
10744,765,648580,6,1,0,1,0,1,409112,5,123,60,15,0.0279,0,1,0.975078941,-1.680337562,"Moderate Activity, High Mortgage"
10285,569,610407,97,0,1,1,508,1,4370,6,79,60,16,0.0279,0,2,0.669515797,-0.923470904,"High Activity, High Mortgage"
10356,765,648581,6,1,0,1,0,1,409112,5,123,60,15,0.0279,0,1,0.975079063,-1.680338306,"Moderate Activity, High Mortgage"
10413,807,210751,3,0,0,1,0,1,20045,2,61,60,25,0.0269,0,0,-1.786145183,-1.336137968,"Low Activity, High Credit Score"
10720,717,1247668,44,1,0,1,1778.468099,1,15452,7,273,60,16,0.0385,0,4,2.45923754,-1.212086469,"High Activity, Very High Mortgage"
10494,446,1509712,4,0,0,0,0,1,96885,2,36,60,25,0.0259,0,6,-2.581901641,-1.580143142,"Low Activity, Low Credit Score"
10390,356,301372,1,0,0,0,0,1,51847,3,61,24,12,0.0304,0,6,-2.409947827,1.438031324,"Low Activity, Low Credit Score"
10625,817,360379,49,1,0,0,0,1,7659,4,408,60,5,0.0385,0,5,1.55818749,2.128208596,"High Activity, Low Mortgage"
10606,762,576078,5,0,0,1,0,1,55601,2,56,60,25,0.0259,0,0,-1.777163984,-1.760357932,"Low Activity, High Credit Score"
10341,766,648587,6,1,0,1,0,1,409114,5,123,60,15,0.0279,0,1,0.976774517,-1.680361221,"Moderate Activity, High Mortgage"
10367,767,402096,1,0,0,0,0,1,242,1,41,60,16,0.0385,0,0,-1.897820069,0.86284562,"Low Activity, High Credit Score"
10662,803,244005,2,0,0,0,0,1,307,2,49,60,24,0.0385,0,0,-1.911099886,0.530169335,"Low Activity, High Credit Score"
10404,762,576083,5,0,0,1,0,1,55603,2,56,60,25,0.0259,0,0,-1.777160003,-1.760365615,"Low Activity, High Credit Score"
10595,807,210761,3,0,0,1,0,1,20048,2,61,60,25,0.0269,0,0,-1.786138906,-1.336151353,"Low Activity, High Credit Score"
10064,809,51512.9,46,1,1,0,0,1,207641.47,6,416,60,17,0.0279,1,5,1.972371173,1.093165087,"High Activity, Low Mortgage"
10001,809,51512.9,46,1,1,0,0,1,207641.47,6,416,60,17,0.0279,1,5,1.972371173,1.093165087,"High Activity, Low Mortgage"
10197,462,930676,1,0,0,0,0,1,12960,2,36,48,23.5,0.0314,0,6,-2.69571392,-0.161271649,"Low Activity, Low Credit Score"
10685,356,301385,1,0,0,0,0,1,51851,3,61,24,12,0.0304,0,6,-2.409939499,1.438013725,"Low Activity, Low Credit Score"
10461,703,811142,2,0,0,0,0,1,85,1,61,12,4,0.0279,0,3,-2.131170013,1.838545014,"Moderate Activity, Moderate Mortgage"
10203,446,1509735,4,0,0,0,0,1,96892,2,36,60,25,0.0259,0,6,-2.581887037,-1.580174125,"Low Activity, Low Credit Score"
10219,807,210777,3,0,0,1,0,1,20053,2,61,60,25,0.0269,0,0,-1.786128527,-1.336173165,"Low Activity, High Credit Score"
10167,703,811155,2,0,0,0,0,1,89,1,61,12,4,0.0279,0,3,-2.131161685,1.838527416,"Moderate Activity, Moderate Mortgage"
10684,446,1509739,4,0,0,0,0,1,96893,2,36,60,25,0.0259,0,6,-2.581884863,-1.580179083,"Low Activity, Low Credit Score"
10588,356,301400,1,0,0,0,0,1,51855,3,61,24,12,0.0304,0,6,-2.409930927,1.437994638,"Low Activity, Low Credit Score"
10699,762,576104,5,0,0,1,0,1,55609,2,56,60,25,0.0259,0,0,-1.777147328,-1.760393129,"Low Activity, High Credit Score"
10713,817,360410,49,1,0,0,0,1,7669,4,408,60,5,0.0385,0,5,1.558208127,2.128165716,"High Activity, Low Mortgage"
10110,807,210786,3,0,0,1,0,1,20056,2,61,60,25,0.0269,0,0,-1.786122373,-1.336185805,"Low Activity, High Credit Score"
10622,817,360413,49,1,0,0,0,1,7669,4,408,60,5,0.0385,0,5,1.558208494,2.128163483,"High Activity, Low Mortgage"
10620,717,1247705,44,1,0,1,1778.468099,1,15463,7,273,60,16,0.0385,0,4,2.459260595,-1.212135795,"High Activity, Very High Mortgage"
10072,769,1201987.73,135,1,1,1,0,1,10130.21,5,100,60,5,0.0345,1,2,2.585372233,0.138292443,"High Activity, High Mortgage"
10525,817,360416,49,1,0,0,0,1,7670,4,408,60,5,0.0385,0,5,1.558210545,2.12815927,"High Activity, Low Mortgage"
10171,796,290948,2,0,0,0,0,1,202,2,80,24,4,0.0279,0,3,-1.6761044,1.859191472,"Moderate Activity, Moderate Mortgage"
10364,703,811167,2,0,0,0,0,1,93,1,61,12,4,0.0279,0,3,-2.131153479,1.838510562,"Moderate Activity, Moderate Mortgage"
10643,811,51705,46,1,1,0,0,1,207699,6,417,60,17,0.0279,0,5,1.978443663,1.094697691,"High Activity, Low Mortgage"
10273,767,402133,1,0,0,0,0,1,253,1,41,60,16,0.0385,0,0,-1.897797014,0.862796294,"Low Activity, High Credit Score"
10763,771,1202183,135,1,1,1,0,1,10189,5,101,60,5,0.0345,0,2,2.591447233,0.139820192,"High Activity, High Mortgage"
10438,766,648627,6,1,0,1,0,1,409126,5,123,60,15,0.0279,0,1,0.976799623,-1.680414761,"Moderate Activity, High Mortgage"
10330,682,274462,25,1,1,0,0,1,32644,4,176,24,10,0.0385,0,3,0.481050127,3.123879004,"Moderate Activity, Moderate Mortgage"
10565,803,244046,2,0,0,0,0,1,319,2,49,60,24,0.0385,0,0,-1.911074657,0.530115051,"Low Activity, High Credit Score"
10445,744,202960,88,1,0,1,0,1,117919,7,298,60,7,0.0279,0,5,2.379005575,-0.212764277,"High Activity, Low Mortgage"
10513,817,360428,49,1,0,0,0,1,7674,4,408,60,5,0.0385,0,5,1.558218751,2.128142415,"High Activity, Low Mortgage"
10582,557,310953,1,0,0,0,0,1,343,2,36,60,25,0.0269,0,6,-2.706734825,-0.424169843,"Low Activity, Low Credit Score"
10280,827,901025,111,1,0,1,2148.674206,1,212356,8,61,48,10.5,0.0309,0,4,3.319997029,-1.902904655,"High Activity, Very High Mortgage"
10707,817,360430,49,1,0,0,0,1,7675,4,408,60,5,0.0385,0,5,1.55822068,2.128138946,"High Activity, Low Mortgage"
10145,744,202966,88,1,0,1,0,1,117921,7,298,60,7,0.0279,0,5,2.379009678,-0.212772705,"High Activity, Low Mortgage"
10473,570,610464,97,0,1,1,508,1,4387,6,79,60,16,0.0279,0,2,0.671242757,-0.923561488,"High Activity, High Mortgage"
10227,682,274471,25,1,1,0,0,1,32646,4,176,24,10,0.0385,0,3,0.481054597,3.123868345,"Moderate Activity, Moderate Mortgage"
10289,827,901030,111,1,0,1,2148.674206,1,212357,8,61,48,10.5,0.0309,0,4,3.319999325,-1.902910357,"High Activity, Very High Mortgage"
10506,807,210808,3,0,0,1,0,1,20062,2,61,60,25,0.0269,0,0,-1.786109575,-1.336214063,"Low Activity, High Credit Score"
10339,744,202971,88,1,0,1,0,1,117922,7,298,60,7,0.0279,0,5,2.379011974,-0.212778406,"High Activity, Low Mortgage"
10301,356,301430,1,0,0,0,0,1,51864,3,61,24,12,0.0304,0,6,-2.409912097,1.437954484,"Low Activity, Low Credit Score"
10150,766,648642,6,1,0,1,0,1,409131,5,123,60,15,0.0279,0,1,0.97680988,-1.680435829,"Moderate Activity, High Mortgage"
10022,809,51512.9,46,1,1,0,0,1,207641.47,6,416,60,17,0.0279,1,5,1.972371173,1.093165087,"High Activity, Low Mortgage"
10200,356,301434,1,0,0,0,0,1,51865,3,61,24,12,0.0304,0,6,-2.409909923,1.437949526,"Low Activity, Low Credit Score"
10639,744,202975,88,1,0,1,0,1,117924,7,298,60,7,0.0279,0,5,2.379015832,-0.212785345,"High Activity, Low Mortgage"
10607,807,210814,3,0,0,1,0,1,20064,2,61,60,25,0.0269,0,0,-1.786105472,-1.336222491,"Low Activity, High Credit Score"
10591,446,1509775,4,0,0,0,0,1,96904,2,36,60,25,0.0259,0,6,-2.581861931,-1.580227665,"Low Activity, Low Credit Score"
10270,767,402157,1,0,0,0,0,1,260,1,41,60,16,0.0385,0,0,-1.897782287,0.862764567,"Low Activity, High Credit Score"
10671,827,901040,111,1,0,1,2148.674206,1,212360,8,61,48,10.5,0.0309,0,4,3.320005602,-1.902923742,"High Activity, Very High Mortgage"
10615,682,274482,25,1,1,0,0,1,32650,4,176,24,10,0.0385,0,3,0.481062681,3.123852234,"Moderate Activity, Moderate Mortgage"
10139,682,274483,25,1,1,0,0,1,32650,4,176,24,10,0.0385,0,3,0.481062803,3.12385149,"Moderate Activity, Moderate Mortgage"
10602,762,576144,5,0,0,1,0,1,55621,2,56,60,25,0.0259,0,0,-1.777122222,-1.760446668,"Low Activity, High Credit Score"
10624,682,274484,25,1,1,0,0,1,32650,4,176,24,10,0.0385,0,3,0.481062925,3.123850746,"Moderate Activity, Moderate Mortgage"
9991,460,930511.4,1,0,0,0,0,1,12910.99,2,35,48,23.5,0.0314,1,6,-2.701768695,-0.162841596,"Low Activity, Low Credit Score"
10349,811,51737,46,1,1,0,0,1,207709,6,417,60,17,0.0279,0,5,1.978464422,1.094654066,"High Activity, Low Mortgage"
10055,555,310750.69,1,0,0,0,0,1,282.03,2,35,60,25,0.0269,1,6,-2.712814358,-0.425688034,"Low Activity, Low Credit Score"
10683,557,310977,1,0,0,0,0,1,350,2,36,60,25,0.0269,0,6,-2.706720098,-0.424201571,"Low Activity, Low Credit Score"
10611,717,1247744,44,1,0,1,1778.468099,1,15475,7,273,60,16,0.0385,0,4,2.459285579,-1.212188591,"High Activity, Very High Mortgage"
10632,766,648658,6,1,0,1,0,1,409136,5,123,60,15,0.0279,0,1,0.97682026,-1.680457641,"Moderate Activity, High Mortgage"
10224,682,274490,25,1,1,0,0,1,32652,4,176,24,10,0.0385,0,3,0.481067028,3.123842319,"Moderate Activity, Moderate Mortgage"
10209,807,210828,3,0,0,1,0,1,20068,2,61,60,25,0.0269,0,0,-1.786097022,-1.336240833,"Low Activity, High Credit Score"
10478,771,1202216,135,1,1,1,0,1,10199,5,101,60,5,0.0345,0,2,2.591468114,0.139775824,"High Activity, High Mortgage"
9993,444,1509560.39,4,0,0,0,0,1,96839.51,2,35,60,25,0.0259,1,6,-2.587948898,-1.581729729,"Low Activity, Low Credit Score"
10428,817,360457,49,1,0,0,0,1,7683,4,408,60,5,0.0385,0,5,1.558237458,2.128103005,"High Activity, Low Mortgage"
10420,717,1247750,44,1,0,1,1778.468099,1,15477,7,273,60,16,0.0385,0,4,2.459289681,-1.212197018,"High Activity, Very High Mortgage"
10504,807,210833,3,0,0,1,0,1,20070,2,61,60,25,0.0269,0,0,-1.786093041,-1.336248516,"Low Activity, High Credit Score"
10670,570,610493,97,0,1,1,508,1,4396,6,79,60,16,0.0279,0,2,0.671261464,-0.923600898,"High Activity, High Mortgage"
10589,462,930747,1,0,0,0,0,1,12982,2,36,48,23.5,0.0314,0,6,-2.695668177,-0.161368068,"Low Activity, Low Credit Score"
10015,354,301220.19,1,0,0,0,0,1,51801.17,3,60,24,12,0.0304,1,6,-2.415995681,1.436445559,"Low Activity, Low Credit Score"
10083,680,274263.55,25,1,1,0,0,1,32584.34,4,175,24,10,0.0385,1,3,0.474973272,3.122355345,"Moderate Activity, Moderate Mortgage"
10256,766,648672,6,1,0,1,0,1,409140,5,123,60,15,0.0279,0,1,0.97682871,-1.680475984,"Moderate Activity, High Mortgage"
10073,568,610258.05,97,0,1,1,508,1,4325.65,6,78,60,16,0.0279,1,2,0.665162137,-0.925076217,"High Activity, High Mortgage"
10075,460,930511.4,1,0,0,0,0,1,12910.99,2,35,48,23.5,0.0314,1,6,-2.701768695,-0.162841596,"Low Activity, Low Credit Score"
10541,766,648675,6,1,0,1,0,1,409141,5,123,60,15,0.0279,0,1,0.976830761,-1.680480197,"Moderate Activity, High Mortgage"
10675,771,1202233,135,1,1,1,0,1,10204,5,101,60,5,0.0345,0,2,2.591478616,0.139753267,"High Activity, High Mortgage"
10650,766,648677,6,1,0,1,0,1,409141,5,123,60,15,0.0279,0,1,0.976831006,-1.680481685,"Moderate Activity, High Mortgage"
10079,760,575923.87,5,0,0,1,0,1,55555,2,55,60,25,0.0259,1,0,-1.783212408,-1.761941634,"Low Activity, High Credit Score"
10576,570,610506,97,0,1,1,508,1,4400,6,79,60,16,0.0279,0,2,0.671269792,-0.923618497,"High Activity, High Mortgage"
10346,811,51761,46,1,1,0,0,1,207716,6,417,60,17,0.0279,0,5,1.978479149,1.094622339,"High Activity, Low Mortgage"
10441,766,648681,6,1,0,1,0,1,409142,5,123,60,15,0.0279,0,1,0.97683318,-1.680486643,"Moderate Activity, High Mortgage"
10082,715,1247516.94,44,1,0,1,1778.468099,1,15406.83,7,272,60,16,0.0385,1,4,2.453190889,-1.2136741,"High Activity, Very High Mortgage"
10069,765,401940.02,1,0,0,0,0,1,194.8366667,1,40,60,16,0.0385,1,0,-1.903870679,0.8612656,"Low Activity, High Credit Score"
10039,815,360226.24,49,1,0,0,0,1,7613.42,4,407,60,5,0.0385,1,5,1.552139941,2.126623042,"High Activity, Low Mortgage"
10484,463,930765,1,0,0,0,0,1,12987,2,36,48,23.5,0.0314,0,6,-2.693966202,-0.161405857,"Low Activity, Low Credit Score"
10627,683,274519,25,1,1,0,0,1,32661,4,176,24,10,0.0385,0,3,0.482777087,3.12378842,"Moderate Activity, Moderate Mortgage"
10173,768,402196,1,0,0,0,0,1,272,1,41,60,16,0.0385,0,0,-1.896065952,0.862697283,"Low Activity, High Credit Score"
10310,808,210857,3,0,0,1,0,1,20077,2,61,60,25,0.0269,0,0,-1.784386963,-1.336294732,"Low Activity, High Credit Score"
10076,555,310750.69,1,0,0,0,0,1,282.03,2,35,60,25,0.0269,1,6,-2.712814358,-0.425688034,"Low Activity, Low Credit Score"
10221,808,210859,3,0,0,1,0,1,20078,2,61,60,25,0.0269,0,0,-1.784385034,-1.336298201,"Low Activity, High Credit Score"
10374,764,118673,2,0,0,0,0,1,402,1,39,48,10,0.0385,0,0,-1.80983964,1.724495365,"Low Activity, High Credit Score"
10162,767,648694,6,1,0,1,0,1,409146,5,123,60,15,0.0279,0,1,0.978532859,-1.68051873,"Moderate Activity, High Mortgage"
10205,463,930775,1,0,0,0,0,1,12990,2,36,48,23.5,0.0314,0,6,-2.693959925,-0.161419242,"Low Activity, Low Credit Score"
10394,357,301487,1,0,0,0,0,1,51881,3,61,24,12,0.0304,0,6,-2.408185138,1.4378639,"Low Activity, Low Credit Score"
10113,763,576191,5,0,0,1,0,1,55635,2,56,60,25,0.0259,0,0,-1.775401539,-1.760523867,"Low Activity, High Credit Score"
10717,718,1247784,44,1,0,1,1778.468099,1,15487,7,273,60,16,0.0385,0,4,2.461002036,-1.212256618,"High Activity, Very High Mortgage"
10081,815,360226.24,49,1,0,0,0,1,7613.42,4,407,60,5,0.0385,1,5,1.552139941,2.126623042,"High Activity, Low Mortgage"
10766,772,1202258,135,1,1,1,0,1,10211,5,101,60,5,0.0345,0,2,2.593184816,0.139706308,"High Activity, High Mortgage"
10751,827,1001160,2,0,0,0,0,1,97,2,101,60,12,0.0279,0,0,-1.479254015,-0.08383709,"Low Activity, High Credit Score"
10249,812,51784,46,1,1,0,0,1,207723,6,417,60,17,0.0279,0,5,1.980185104,1.094576867,"High Activity, Low Mortgage"
10446,812,51785,46,1,1,0,0,1,207723,6,417,60,17,0.0279,0,5,1.980185227,1.094576123,"High Activity, Low Mortgage"
10694,808,210874,3,0,0,1,0,1,20082,2,61,60,25,0.0269,0,0,-1.784376462,-1.336317288,"Low Activity, High Credit Score"
10631,812,51789,46,1,1,0,0,1,207724,6,417,60,17,0.0279,0,5,1.9801874,1.094571166,"High Activity, Low Mortgage"
10697,763,576201,5,0,0,1,0,1,55638,2,56,60,25,0.0259,0,0,-1.775395263,-1.760537252,"Low Activity, High Credit Score"
10328,818,360505,49,1,0,0,0,1,7697,4,408,60,5,0.0385,0,5,1.559958263,2.128025062,"High Activity, Low Mortgage"
10182,571,610538,97,0,1,1,508,1,4410,6,79,60,16,0.0279,0,2,0.672981902,-0.923676609,"High Activity, High Mortgage"
10028,801,243846.84,2,0,0,0,0,1,259.4366667,2,48.16666667,60,24,0.0385,1,0,-1.916723205,0.528894814,"Low Activity, High Credit Score"
10340,812,51794,46,1,1,0,0,1,207726,6,417,60,17,0.0279,0,5,1.980191381,1.094563483,"High Activity, Low Mortgage"
10225,818,360511,49,1,0,0,0,1,7699,4,408,60,5,0.0385,0,5,1.559962366,2.128016634,"High Activity, Low Mortgage"
10499,763,576209,5,0,0,1,0,1,55640,2,56,60,25,0.0259,0,0,-1.775390915,-1.760547168,"Low Activity, High Credit Score"
10755,768,402226,1,0,0,0,0,1,281,1,41,60,16,0.0385,0,0,-1.896047123,0.862657128,"Low Activity, High Credit Score"
10370,768,402228,1,0,0,0,0,1,281,1,41,60,16,0.0385,0,0,-1.896046878,0.86265564,"Low Activity, High Credit Score"
10532,718,1247806,44,1,0,1,1778.468099,1,15494,7,273,60,16,0.0385,0,4,2.461016518,-1.212286857,"High Activity, Very High Mortgage"
10264,704,811267,2,0,0,0,0,1,123,1,61,12,4,0.0279,0,3,-2.129399363,1.838362225,"Moderate Activity, Moderate Mortgage"
10756,804,244137,2,0,0,0,0,1,346,2,50,60,24,0.0385,0,0,-1.90675731,0.531797861,"Low Activity, High Credit Score"
10641,767,648722,6,1,0,1,0,1,409155,5,123,60,15,0.0279,0,1,0.978551444,-1.680557396,"Moderate Activity, High Mortgage"
10068,794,290758.15,2,0,0,0,0,1,145.07,2,79,24,4,0.0279,1,3,-1.682175604,1.857656005,"Moderate Activity, Moderate Mortgage"
10350,767,648726,6,1,0,1,0,1,409156,5,123,60,15,0.0279,0,1,0.978553618,-1.680562354,"Moderate Activity, High Mortgage"
10705,763,576219,5,0,0,1,0,1,55643,2,56,60,25,0.0259,0,0,-1.775384638,-1.760560553,"Low Activity, High Credit Score"
10044,764,648431.64,6,1,0,1,0,1,409067.67,5,122,60,15,0.0279,1,1,0.970725387,-1.681943354,"Moderate Activity, High Mortgage"
10556,797,291055,2,0,0,0,0,1,234,2,80,24,4,0.0279,0,3,-1.674346058,1.859033963,"Moderate Activity, Moderate Mortgage"
10517,718,1247815,44,1,0,1,1778.468099,1,15496,7,273,60,16,0.0385,0,4,2.461020988,-1.212297517,"High Activity, Very High Mortgage"
10562,804,244149,2,0,0,0,0,1,350,2,50,60,24,0.0385,0,0,-1.906749105,0.531781007,"Low Activity, High Credit Score"
10062,680,274263.55,25,1,1,0,0,1,32584.34,4,175,24,10,0.0385,1,3,0.474973272,3.122355345,"Moderate Activity, Moderate Mortgage"
10585,463,930815,1,0,0,0,0,1,13002,2,37,48,23.5,0.0314,0,6,-2.691365435,-0.159654276,"Low Activity, Low Credit Score"
10590,558,311055,1,0,0,0,0,1,373,2,37,60,25,0.0269,0,6,-2.702411079,-0.422501163,"Low Activity, Low Credit Score"
10725,818,360531,49,1,0,0,0,1,7705,4,409,60,5,0.0385,0,5,1.562544303,2.12980837,"High Activity, Low Mortgage"
10773,571,610564,97,0,1,1,508,1,4418,6,80,60,16,0.0279,0,2,0.675567941,-0.9218933,"High Activity, High Mortgage"
10405,808,210907,3,0,0,1,0,1,20092,2,62,60,25,0.0269,0,0,-1.781786197,-1.334543151,"Low Activity, High Credit Score"
10368,804,244154,2,0,0,0,0,1,352,2,50,60,24,0.0385,0,0,-1.906745125,0.531773323,"Low Activity, High Credit Score"
10359,767,648741,6,1,0,1,0,1,409160,5,124,60,15,0.0279,0,1,0.981131574,-1.678762935,"Moderate Activity, High Mortgage"
10501,763,576233,5,0,0,1,0,1,55648,2,57,60,25,0.0259,0,0,-1.77280512,-1.758762371,"Low Activity, High Credit Score"
10649,812,51823,46,1,1,0,0,1,207734,6,418,60,17,0.0279,0,5,1.982777788,1.096344559,"High Activity, Low Mortgage"
10400,763,576234,5,0,0,1,0,1,55648,2,57,60,25,0.0259,0,0,-1.772804998,-1.758763115,"Low Activity, High Credit Score"
10061,715,1247516.94,44,1,0,1,1778.468099,1,15406.83,7,272,60,16,0.0385,1,4,2.453190889,-1.2136741,"High Activity, Very High Mortgage"
10593,463,930825,1,0,0,0,0,1,13005,2,37,48,23.5,0.0314,0,6,-2.691359159,-0.15966766,"Low Activity, Low Credit Score"
10503,763,576238,5,0,0,1,0,1,55649,2,57,60,25,0.0259,0,0,-1.772802824,-1.758768073,"Low Activity, High Credit Score"
10300,447,1509875,4,0,0,0,0,1,96934,2,37,60,25,0.0259,0,6,-2.57753843,-1.578557496,"Low Activity, Low Credit Score"
10063,742,202761.09,88,1,0,1,0,1,117859.48,7,297,60,7,0.0279,1,5,2.372928899,-0.214287871,"High Activity, Low Mortgage"
10250,767,648749,6,1,0,1,0,1,409163,5,124,60,15,0.0279,0,1,0.981137606,-1.678774832,"Moderate Activity, High Mortgage"
10453,767,648749,6,1,0,1,0,1,409163,5,124,60,15,0.0279,0,1,0.981137606,-1.678774832,"Moderate Activity, High Mortgage"
10551,745,203080,88,1,0,1,0,1,117955,7,299,60,7,0.0279,0,5,2.383341629,-0.211120878,"High Activity, Low Mortgage"
10646,812,51832,46,1,1,0,0,1,207737,6,418,60,17,0.0279,0,5,1.982783942,1.096331918,"High Activity, Low Mortgage"
10204,357,301541,1,0,0,0,0,1,51898,3,62,24,12,0.0304,0,6,-2.405580513,1.439608542,"Low Activity, Low Credit Score"
10637,812,51835,46,1,1,0,0,1,207738,6,418,60,17,0.0279,0,5,1.982785993,1.096327705,"High Activity, Low Mortgage"
10383,828,901146,111,1,0,1,2148.674206,1,212392,8,62,48,10.5,0.0309,0,4,3.324333205,-1.901262,"High Activity, Very High Mortgage"
10693,763,576247,5,0,0,1,0,1,55652,2,57,60,25,0.0259,0,0,-1.77279667,-1.758780713,"Low Activity, High Credit Score"
10544,767,648756,6,1,0,1,0,1,409165,5,124,60,15,0.0279,0,1,0.981141831,-1.678784003,"Moderate Activity, High Mortgage"
10460,827,1001215,2,0,0,0,0,1,114,2,102,60,12,0.0279,0,0,-1.476649268,-0.082093191,"Low Activity, High Credit Score"
10036,354,301220.19,1,0,0,0,0,1,51801.17,3,60,24,12,0.0304,1,6,-2.415995681,1.436445559,"Low Activity, Low Credit Score"
10769,772,1202314,135,1,1,1,0,1,10228,5,102,60,5,0.0345,0,2,2.595789686,0.141449462,"High Activity, High Mortgage"
10754,827,1001216,2,0,0,0,0,1,114,2,102,60,12,0.0279,0,0,-1.476649146,-0.082093936,"Low Activity, High Credit Score"
10687,558,311078,1,0,0,0,0,1,380,2,37,60,25,0.0269,0,6,-2.702396475,-0.422532146,"Low Activity, Low Credit Score"
10133,683,274593,25,1,1,0,0,1,32683,4,177,24,10,0.0385,0,3,0.48539258,3.125508274,"Moderate Activity, Moderate Mortgage"
10156,767,648762,6,1,0,1,0,1,409167,5,124,60,15,0.0279,0,1,0.981145934,-1.67879243,"Moderate Activity, High Mortgage"
10488,463,930848,1,0,0,0,0,1,13012,2,37,48,23.5,0.0314,0,6,-2.691344554,-0.159698644,"Low Activity, Low Credit Score"
10688,447,1509897,4,0,0,0,0,1,96941,2,37,60,25,0.0259,0,6,-2.577523948,-1.578587736,"Low Activity, Low Credit Score"
10764,571,610595,97,0,1,1,508,1,4427,6,80,60,16,0.0279,0,2,0.675586893,-0.921934199,"High Activity, High Mortgage"
10331,818,360564,49,1,0,0,0,1,7715,4,409,60,5,0.0385,0,5,1.562565184,2.129764002,"High Activity, Low Mortgage"
10380,828,901160,111,1,0,1,2148.674206,1,212396,8,62,48,10.5,0.0309,0,4,3.324341656,-1.901280343,"High Activity, Very High Mortgage"
10138,718,1247855,44,1,0,1,1778.468099,1,15508,7,274,60,16,0.0385,0,4,2.463615478,-1.210532551,"High Activity, Very High Mortgage"
10681,357,301561,1,0,0,0,0,1,51903,3,62,24,12,0.0304,0,6,-2.405569644,1.439583754,"Low Activity, Low Credit Score"
10760,764,118758,2,0,0,0,0,1,427,1,39,48,10,0.0385,0,0,-1.809787131,1.724382584,"Low Activity, High Credit Score"
10567,804,244193,2,0,0,0,0,1,363,2,50,60,24,0.0385,0,0,-1.906721825,0.531722509,"Low Activity, High Credit Score"
10115,763,576270,5,0,0,1,0,1,55659,2,57,60,25,0.0259,0,0,-1.772782065,-1.758811697,"Low Activity, High Credit Score"
10127,683,274611,25,1,1,0,0,1,32689,4,177,24,10,0.0385,0,3,0.485404888,3.125482992,"Moderate Activity, Moderate Mortgage"
10288,571,610606,97,0,1,1,508,1,4430,6,80,60,16,0.0279,0,2,0.675593292,-0.921948328,"High Activity, High Mortgage"
10306,808,210949,3,0,0,1,0,1,20105,2,62,60,25,0.0269,0,0,-1.781759161,-1.33460016,"Low Activity, High Credit Score"
10601,809,210950,3,0,0,1,0,1,20105,2,62,60,25,0.0269,0,0,-1.780067688,-1.334615392,"Low Activity, High Credit Score"
10261,813,51866,46,1,1,0,0,1,207747,6,418,60,17,0.0279,0,5,1.984496297,1.096272318,"High Activity, Low Mortgage"
10507,764,576277,5,0,0,1,0,1,55661,2,57,60,25,0.0259,0,0,-1.771086489,-1.758835356,"Low Activity, High Credit Score"
10586,559,311104,1,0,0,0,0,1,388,2,37,60,25,0.0269,0,6,-2.700688468,-0.422581831,"Low Activity, Low Credit Score"
10000,742,202761.09,88,1,0,1,0,1,117859.48,7,297,60,7,0.0279,1,5,2.372928899,-0.214287871,"High Activity, Low Mortgage"
10343,813,51867,46,1,1,0,0,1,207748,6,418,60,17,0.0279,0,5,1.984498103,1.096269592,"High Activity, Low Mortgage"
10252,813,51867,46,1,1,0,0,1,207748,6,418,60,17,0.0279,0,5,1.984498103,1.096269592,"High Activity, Low Mortgage"
10033,460,930511.4,1,0,0,0,0,1,12910.99,2,35,48,23.5,0.0314,1,6,-2.701768695,-0.162841596,"Low Activity, Low Credit Score"
10008,761,118413.5,2,0,0,0,0,1,324.0366667,1,37.66666667,48,10,0.0385,1,0,-1.818502606,1.722461717,"Low Activity, High Credit Score"
10030,769,1201987.73,135,1,1,1,0,1,10130.21,5,100,60,5,0.0345,1,2,2.585372233,0.138292443,"High Activity, High Mortgage"
10774,829,901182,111,1,0,1,2148.674206,1,212403,8,62,48,10.5,0.0309,0,4,3.326047489,-1.90132507,"High Activity, Very High Mortgage"
10017,805,210600.05,3,0,0,1,0,1,20000,2,60,60,25,0.0269,1,0,-1.792191534,-1.337726017,"Low Activity, High Credit Score"
10185,572,610619,97,0,1,1,508,1,4434,6,80,60,16,0.0279,0,2,0.677292972,-0.921980415,"High Activity, High Mortgage"
10514,719,1247881,44,1,0,1,1778.468099,1,15516,7,274,60,16,0.0385,0,4,2.465323485,-1.210582236,"High Activity, Very High Mortgage"
10515,684,274628,25,1,1,0,0,1,32694,4,177,24,10,0.0385,0,3,0.487106741,3.125445948,"Moderate Activity, Moderate Mortgage"
10471,765,118778,2,0,0,0,0,1,433,1,39,48,10,0.0385,0,0,-1.808083227,1.724341326,"Low Activity, High Credit Score"
10211,809,210969,3,0,0,1,0,1,20111,2,62,60,25,0.0269,0,0,-1.780055257,-1.334641418,"Low Activity, High Credit Score"
10647,768,648802,6,1,0,1,0,1,409179,5,124,60,15,0.0279,0,1,0.982862392,-1.678860458,"Moderate Activity, High Mortgage"
10450,768,648806,6,1,0,1,0,1,409180,5,124,60,15,0.0279,0,1,0.982864565,-1.678865415,"Moderate Activity, High Mortgage"
10495,358,301597,1,0,0,0,0,1,51914,3,62,24,12,0.0304,0,6,-2.403855361,1.439520684,"Low Activity, Low Credit Score"
10354,746,203140,88,1,0,1,0,1,117973,7,299,60,7,0.0279,0,5,2.385070639,-0.211215676,"High Activity, Low Mortgage"
10176,769,402319,1,0,0,0,0,1,309,1,42,60,16,0.0385,0,0,-1.891727847,0.864336468,"Low Activity, High Credit Score"
10472,773,1202368,135,1,1,1,0,1,10244,5,102,60,5,0.0345,0,2,2.597514594,0.141363092,"High Activity, High Mortgage"
10679,559,311131,1,0,0,0,0,1,396,2,37,60,25,0.0269,0,6,-2.700671689,-0.422617772,"Low Activity, Low Credit Score"
10223,719,1247898,44,1,0,1,1778.468099,1,15521,7,274,60,16,0.0385,0,4,2.465333987,-1.210604792,"High Activity, Very High Mortgage"
10314,809,210982,3,0,0,1,0,1,20115,2,62,60,25,0.0269,0,0,-1.780046929,-1.334659016,"Low Activity, High Credit Score"
9996,805,210600.05,3,0,0,1,0,1,20000,2,60,60,25,0.0269,1,0,-1.792191534,-1.337726017,"Low Activity, High Credit Score"
10290,464,930899,1,0,0,0,0,1,13027,2,37,48,23.5,0.0314,0,6,-2.689621698,-0.1597808,"Low Activity, Low Credit Score"
10539,746,203149,88,1,0,1,0,1,117976,7,299,60,7,0.0279,0,5,2.385076793,-0.211228317,"High Activity, Low Mortgage"
10240,819,360620,49,1,0,0,0,1,7731,4,409,60,5,0.0385,0,5,1.564290336,2.129676144,"High Activity, Low Mortgage"
10538,768,648828,6,1,0,1,0,1,409187,5,124,60,15,0.0279,0,1,0.982879047,-1.678895655,"Moderate Activity, High Mortgage"
10592,358,301617,1,0,0,0,0,1,51920,3,62,24,12,0.0304,0,6,-2.403842807,1.439493914,"Low Activity, Low Credit Score"
10144,719,1247914,44,1,0,1,1778.468099,1,15526,7,274,60,16,0.0385,0,4,2.465344366,-1.210626604,"High Activity, Very High Mortgage"
10104,464,930912,1,0,0,0,0,1,13031,2,37,48,23.5,0.0314,0,6,-2.68961337,-0.159798399,"Low Activity, Low Credit Score"
10466,765,118818,2,0,0,0,0,1,445,1,40,48,10,0.0385,0,0,-1.805488737,1.726106292,"Low Activity, High Credit Score"
10026,794,290758.15,2,0,0,0,0,1,145.07,2,79,24,4,0.0279,1,3,-1.682175604,1.857656005,"Moderate Activity, Moderate Mortgage"
10126,719,1247925,44,1,0,1,1778.468099,1,15529,7,274,60,16,0.0385,0,4,2.465350765,-1.210640733,"High Activity, Very High Mortgage"
10137,819,360634,49,1,0,0,0,1,7736,4,409,60,5,0.0385,0,5,1.564300471,2.12965582,"High Activity, Low Mortgage"
10416,819,360635,49,1,0,0,0,1,7736,4,409,60,5,0.0385,0,5,1.564300593,2.129655076,"High Activity, Low Mortgage"
10230,684,274675,25,1,1,0,0,1,32708,4,177,24,10,0.0385,0,3,0.487136073,3.125383237,"Moderate Activity, Moderate Mortgage"
10222,819,360640,49,1,0,0,0,1,7738,4,409,60,5,0.0385,0,5,1.564304574,2.129647393,"High Activity, Low Mortgage"
10561,769,402355,1,0,0,0,0,1,319,1,42,60,16,0.0385,0,0,-1.891706599,0.864289868,"Low Activity, High Credit Score"
10714,719,1247932,44,1,0,1,1778.468099,1,15531,7,274,60,16,0.0385,0,4,2.46535499,-1.210649904,"High Activity, Very High Mortgage"
10220,764,576340,5,0,0,1,0,1,55680,2,57,60,25,0.0259,0,0,-1.771046778,-1.758919879,"Low Activity, High Credit Score"
10549,813,51931,46,1,1,0,0,1,207767,6,418,60,17,0.0279,0,5,1.984537936,1.096184325,"High Activity, Low Mortgage"
10042,742,202761.09,88,1,0,1,0,1,117859.48,7,297,60,7,0.0279,1,5,2.372928899,-0.214287871,"High Activity, Low Mortgage"
10424,684,274683,25,1,1,0,0,1,32710,4,177,24,10,0.0385,0,3,0.48714042,3.125373322,"Moderate Activity, Moderate Mortgage"
10313,764,576344,5,0,0,1,0,1,55681,2,57,60,25,0.0259,0,0,-1.771044604,-1.758924837,"Low Activity, High Credit Score"
10653,798,291179,2,0,0,0,0,1,271,2,81,24,4,0.0279,0,3,-1.67000783,1.860672405,"Moderate Activity, Moderate Mortgage"
10442,746,203185,88,1,0,1,0,1,117987,7,299,60,7,0.0279,0,5,2.385099726,-0.211276899,"High Activity, Low Mortgage"
10437,813,51937,46,1,1,0,0,1,207769,6,418,60,17,0.0279,0,5,1.984542039,1.096175898,"High Activity, Low Mortgage"
10663,765,118838,2,0,0,0,0,1,451,1,40,48,10,0.0385,0,0,-1.805476184,1.726079522,"Low Activity, High Credit Score"
10047,794,290758.15,2,0,0,0,0,1,145.07,2,79,24,4,0.0279,1,3,-1.682175604,1.857656005,"Moderate Activity, Moderate Mortgage"
10040,715,1247516.94,44,1,0,1,1778.468099,1,15406.83,7,272,60,16,0.0385,1,4,2.453190889,-1.2136741,"High Activity, Very High Mortgage"
10140,819,360655,49,1,0,0,0,1,7742,4,409,60,5,0.0385,0,5,1.564313146,2.129628306,"High Activity, Low Mortgage"
10095,825,900822.64,111,1,0,1,2148.674206,1,212294.86,8,60,48,10.5,0.0309,1,4,3.313917203,-1.904422472,"High Activity, Very High Mortgage"
10025,701,810977.39,2,0,0,0,0,1,35.97,1,60,12,4,0.0279,1,3,-2.137224823,1.836975114,"Moderate Activity, Moderate Mortgage"
10386,829,901257,111,1,0,1,2148.674206,1,212425,8,62,48,10.5,0.0309,0,4,3.326093721,-1.901424467,"High Activity, Very High Mortgage"
10452,813,51949,46,1,1,0,0,1,207772,6,418,60,17,0.0279,0,5,1.98454856,1.096161025,"High Activity, Low Mortgage"
10443,813,51950,46,1,1,0,0,1,207773,6,418,60,17,0.0279,0,5,1.984550367,1.0961583,"High Activity, Low Mortgage"
10132,719,1247954,44,1,0,1,1778.468099,1,15538,7,274,60,16,0.0385,0,4,2.465369473,-1.210680144,"High Activity, Very High Mortgage"
10233,684,274703,25,1,1,0,0,1,32716,4,177,24,10,0.0385,0,3,0.487152973,3.125346552,"Moderate Activity, Moderate Mortgage"
10158,813,51954,46,1,1,0,0,1,207774,6,418,60,17,0.0279,0,5,1.984552541,1.096153342,"High Activity, Low Mortgage"
10695,764,576366,5,0,0,1,0,1,55688,2,57,60,25,0.0259,0,0,-1.771030122,-1.758955076,"Low Activity, High Credit Score"
10633,746,203205,88,1,0,1,0,1,117993,7,299,60,7,0.0279,0,5,2.385112279,-0.211303668,"High Activity, Low Mortgage"
10522,819,360671,49,1,0,0,0,1,7747,4,409,60,5,0.0385,0,5,1.564323526,2.129606494,"High Activity, Low Mortgage"
10619,819,360671,49,1,0,0,0,1,7747,4,409,60,5,0.0385,0,5,1.564323526,2.129606494,"High Activity, Low Mortgage"
10271,805,244292,2,0,0,0,0,1,393,2,50,60,24,0.0385,0,0,-1.904967831,0.531574916,"Low Activity, High Credit Score"
10184,773,1202434,135,1,1,1,0,1,10264,5,102,60,5,0.0345,0,2,2.597556356,0.141274355,"High Activity, High Mortgage"
10511,764,576370,5,0,0,1,0,1,55689,2,57,60,25,0.0259,0,0,-1.771027948,-1.758960034,"Low Activity, High Credit Score"
9995,760,575923.87,5,0,0,1,0,1,55555,2,55,60,25,0.0259,1,0,-1.783212408,-1.761941634,"Low Activity, High Credit Score"
10315,765,576374,5,0,0,1,0,1,55690,2,57,60,25,0.0259,0,0,-1.769334423,-1.75897948,"Low Activity, High Credit Score"
10584,359,301672,1,0,0,0,0,1,51937,3,62,24,12,0.0304,0,6,-2.402116093,1.439404818,"Low Activity, Low Credit Score"
10391,465,930963,1,0,0,0,0,1,13047,2,37,48,23.5,0.0314,0,6,-2.687888829,-0.159882537,"Low Activity, Low Credit Score"
10457,829,1001341,2,0,0,0,0,1,152,2,102,60,12,0.0279,0,0,-1.473187144,-0.082291214,"Low Activity, High Credit Score"
10214,765,576376,5,0,0,1,0,1,55691,2,57,60,25,0.0259,0,0,-1.769332494,-1.758982949,"Low Activity, High Credit Score"
10701,765,576379,5,0,0,1,0,1,55692,2,57,60,25,0.0259,0,0,-1.769330443,-1.758987163,"Low Activity, High Credit Score"
10456,769,648890,6,1,0,1,0,1,409205,5,124,60,15,0.0279,0,1,0.984608303,-1.67899194,"Moderate Activity, High Mortgage"
10759,806,244306,2,0,0,0,0,1,397,2,50,60,24,0.0385,0,0,-1.903268029,0.531542086,"Low Activity, High Credit Score"
10323,720,1247979,44,1,0,1,1778.468099,1,15545,7,274,60,16,0.0385,0,4,2.467075673,-1.210727103,"High Activity, Very High Mortgage"
10027,765,401940.02,1,0,0,0,0,1,194.8366667,1,40,60,16,0.0385,1,0,-1.903870679,0.8612656,"Low Activity, High Credit Score"
10712,685,274727,25,1,1,0,0,1,32723,4,177,24,10,0.0385,0,3,0.488859052,3.125300336,"Moderate Activity, Moderate Mortgage"
10439,747,203227,88,1,0,1,0,1,117999,7,299,60,7,0.0279,0,5,2.386816428,-0.211346414,"High Activity, Low Mortgage"
10246,814,51980,46,1,1,0,0,1,207782,6,418,60,17,0.0279,0,5,1.986260548,1.096103657,"High Activity, Low Mortgage"
10057,354,301220.19,1,0,0,0,0,1,51801.17,3,60,24,12,0.0304,1,6,-2.415995681,1.436445559,"Low Activity, Low Credit Score"
10267,706,811445,2,0,0,0,0,1,176,1,62,12,4,0.0279,0,3,-2.123336227,1.839914295,"Moderate Activity, Moderate Mortgage"
10080,805,210600.05,3,0,0,1,0,1,20000,2,60,60,25,0.0269,1,0,-1.792191534,-1.337726017,"Low Activity, High Credit Score"
10034,555,310750.69,1,0,0,0,0,1,282.03,2,35,60,25,0.0269,1,6,-2.712814358,-0.425688034,"Low Activity, Low Credit Score"
10010,568,610258.05,97,0,1,1,508,1,4325.65,6,78,60,16,0.0279,1,2,0.665162137,-0.925076217,"High Activity, High Mortgage"
10148,747,203231,88,1,0,1,0,1,118000,7,299,60,7,0.0279,0,5,2.386818602,-0.211351372,"High Activity, Low Mortgage"
10730,747,203231,88,1,0,1,0,1,118000,7,299,60,7,0.0279,0,5,2.386818602,-0.211351372,"High Activity, Low Mortgage"
10635,769,648902,6,1,0,1,0,1,409209,5,124,60,15,0.0279,0,1,0.984616508,-1.679008795,"Moderate Activity, High Mortgage"
10396,560,311221,1,0,0,0,0,1,423,2,37,60,25,0.0269,0,6,-2.698923849,-0.422752724,"Low Activity, Low Credit Score"
10414,765,576396,5,0,0,1,0,1,55697,2,57,60,25,0.0259,0,0,-1.769319941,-1.759009719,"Low Activity, High Credit Score"
10307,765,576396,5,0,0,1,0,1,55697,2,57,60,25,0.0259,0,0,-1.769319941,-1.759009719,"Low Activity, High Credit Score"
10535,769,648908,6,1,0,1,0,1,409211,5,124,60,15,0.0279,0,1,0.984620611,-1.679017222,"Moderate Activity, High Mortgage"
10251,747,203238,88,1,0,1,0,1,118003,7,299,60,7,0.0279,0,5,2.386824511,-0.211362525,"High Activity, Low Mortgage"
10228,820,360704,49,1,0,0,0,1,7757,4,409,60,5,0.0385,0,5,1.566035758,2.129547637,"High Activity, Low Mortgage"
10528,820,360706,49,1,0,0,0,1,7757,4,409,60,5,0.0385,0,5,1.566036003,2.129546149,"High Activity, Low Mortgage"
10388,560,311231,1,0,0,0,0,1,426,2,37,60,25,0.0269,0,6,-2.698917573,-0.422766109,"Low Activity, Low Credit Score"
10698,810,211081,3,0,0,1,0,1,20144,2,62,60,25,0.0269,0,0,-1.778294619,-1.334804628,"Low Activity, High Credit Score"
10103,359,301702,1,0,0,0,0,1,51946,3,62,24,12,0.0304,0,6,-2.402097263,1.439364663,"Low Activity, Low Credit Score"
10188,573,610743,97,0,1,1,508,1,4471,6,80,60,16,0.0279,0,2,0.679061815,-0.922160479,"High Activity, High Mortgage"
10078,354,301220.19,1,0,0,0,0,1,51801.17,3,60,24,12,0.0304,1,6,-2.415995681,1.436445559,"Low Activity, Low Credit Score"
10090,765,401940.02,1,0,0,0,0,1,194.8366667,1,40,60,16,0.0385,1,0,-1.903870679,0.8612656,"Low Activity, High Credit Score"
10190,774,1202477,135,1,1,1,0,1,10277,5,102,60,5,0.0345,0,2,2.599274865,0.141202114,"High Activity, High Mortgage"
10087,824,1000889,2,0,0,0,0,1,15.87,2,100,60,12,0.0279,1,0,-1.487067261,-0.085249737,"Low Activity, High Credit Score"
10159,769,648922,6,1,0,1,0,1,409215,5,124,60,15,0.0279,0,1,0.984629061,-1.679035565,"Moderate Activity, High Mortgage"
10088,701,810977.39,2,0,0,0,0,1,35.97,1,60,12,4,0.0279,1,3,-2.137224823,1.836975114,"Moderate Activity, Moderate Mortgage"
10048,765,401940.02,1,0,0,0,0,1,194.8366667,1,40,60,16,0.0385,1,0,-1.903870679,0.8612656,"Low Activity, High Credit Score"
10226,720,1248010,44,1,0,1,1778.468099,1,15555,7,274,60,16,0.0385,0,4,2.467096309,-1.210769984,"High Activity, Very High Mortgage"
10747,769,648925,6,1,0,1,0,1,409216,5,124,60,15,0.0279,0,1,0.984631113,-1.679039778,"Moderate Activity, High Mortgage"
10626,720,1248012,44,1,0,1,1778.468099,1,15555,7,274,60,16,0.0385,0,4,2.467096554,-1.210771472,"High Activity, Very High Mortgage"
10254,747,203259,88,1,0,1,0,1,118009,7,299,60,7,0.0279,0,5,2.386837186,-0.211390039,"High Activity, Low Mortgage"
10308,810,211099,3,0,0,1,0,1,20150,2,62,60,25,0.0269,0,0,-1.778282311,-1.334829909,"Low Activity, High Credit Score"
10136,685,274764,25,1,1,0,0,1,32734,4,178,24,10,0.0385,0,3,0.49145149,3.127069516,"Moderate Activity, Moderate Mortgage"
10613,820,360727,49,1,0,0,0,1,7764,4,410,60,5,0.0385,0,5,1.568619746,2.13133516,"High Activity, Low Mortgage"
10673,573,610759,97,0,1,1,508,1,4476,6,81,60,16,0.0279,0,2,0.681641578,-0.920363785,"High Activity, High Mortgage"
10677,830,901324,111,1,0,1,2148.674206,1,212445,8,63,48,10.5,0.0309,0,4,3.330396341,-1.89970993,"High Activity, Very High Mortgage"
10423,720,1248019,44,1,0,1,1778.468099,1,15557,7,275,60,16,0.0385,0,4,2.469670163,-1.208962137,"High Activity, Very High Mortgage"
10050,761,118413.5,2,0,0,0,0,1,324.0366667,1,37.66666667,48,10,0.0385,1,0,-1.818502606,1.722461717,"Low Activity, High Credit Score"
10554,829,1001392,2,0,0,0,0,1,167,2,103,60,12,0.0279,0,0,-1.470586255,-0.080540376,"Low Activity, High Credit Score"
10630,747,203264,88,1,0,1,0,1,118010,7,300,60,7,0.0279,0,5,2.389408867,-0.209577235,"High Activity, Low Mortgage"
10071,761,118413.5,2,0,0,0,0,1,324.0366667,1,37.66666667,48,10,0.0385,1,0,-1.818502606,1.722461717,"Low Activity, High Credit Score"
10768,830,901328,111,1,0,1,2148.674206,1,212446,8,63,48,10.5,0.0309,0,4,3.330398515,-1.899714887,"High Activity, Very High Mortgage"
10608,765,576430,5,0,0,1,0,1,55707,2,58,60,25,0.0259,0,0,-1.766729554,-1.757236325,"Low Activity, High Credit Score"
10629,720,1248025,44,1,0,1,1778.468099,1,15559,7,275,60,16,0.0385,0,4,2.469674266,-1.208970564,"High Activity, Very High Mortgage"
10111,765,576433,5,0,0,1,0,1,55708,2,58,60,25,0.0259,0,0,-1.766727503,-1.757240539,"Low Activity, High Credit Score"
10577,830,901333,111,1,0,1,2148.674206,1,212448,8,63,48,10.5,0.0309,0,4,3.330402495,-1.89972257,"High Activity, Very High Mortgage"
10570,573,610770,97,0,1,1,508,1,4479,6,81,60,16,0.0279,0,2,0.681647977,-0.920377914,"High Activity, High Mortgage"
10708,720,1248029,44,1,0,1,1778.468099,1,15560,7,275,60,16,0.0385,0,4,2.46967644,-1.208975522,"High Activity, Very High Mortgage"
10431,820,360740,49,1,0,0,0,1,7768,4,410,60,5,0.0385,0,5,1.568628074,2.131317561,"High Activity, Low Mortgage"
10160,747,203276,88,1,0,1,0,1,118014,7,300,60,7,0.0279,0,5,2.389417072,-0.209594089,"High Activity, Low Mortgage"
10248,747,203279,88,1,0,1,0,1,118015,7,300,60,7,0.0279,0,5,2.389419124,-0.209598303,"High Activity, Low Mortgage"
10012,460,930511.4,1,0,0,0,0,1,12910.99,2,35,48,23.5,0.0314,1,6,-2.701768695,-0.162841596,"Low Activity, Low Credit Score"
10381,774,1202510,135,1,1,1,0,1,10287,5,103,60,5,0.0345,0,2,2.60186513,0.142976251,"High Activity, High Mortgage"
10710,820,360749,49,1,0,0,0,1,7770,4,410,60,5,0.0385,0,5,1.568632544,2.131306902,"High Activity, Low Mortgage"
10557,829,1001413,2,0,0,0,0,1,173,2,103,60,12,0.0279,0,0,-1.47057358,-0.08056789,"Low Activity, High Credit Score"
10005,794,290758.15,2,0,0,0,0,1,145.07,2,79,24,4,0.0279,1,3,-1.682175604,1.857656005,"Moderate Activity, Moderate Mortgage"
10573,573,610783,97,0,1,1,508,1,4483,6,81,60,16,0.0279,0,2,0.681656305,-0.920395513,"High Activity, High Mortgage"
10706,810,211126,3,0,0,1,0,1,20158,2,63,60,25,0.0269,0,0,-1.775696148,-1.333047345,"Low Activity, High Credit Score"
10179,806,244373,2,0,0,0,0,1,417,2,51,60,24,0.0385,0,0,-1.900656761,0.533271111,"Low Activity, High Credit Score"
10134,820,360753,49,1,0,0,0,1,7772,4,410,60,5,0.0385,0,5,1.568636402,2.131299963,"High Activity, Low Mortgage"
10409,810,211128,3,0,0,1,0,1,20158,2,63,60,25,0.0269,0,0,-1.775695904,-1.333048833,"Low Activity, High Credit Score"
10682,465,931041,1,0,0,0,0,1,13070,2,38,48,23.5,0.0314,0,6,-2.685271162,-0.158167641,"Low Activity, Low Credit Score"
10164,814,52043,46,1,1,0,0,1,207801,6,419,60,17,0.0279,0,5,1.988869643,1.09783764,"High Activity, Low Mortgage"
10041,680,274263.55,25,1,1,0,0,1,32584.34,4,175,24,10,0.0385,1,3,0.474973272,3.122355345,"Moderate Activity, Moderate Mortgage"
10526,720,1248050,44,1,0,1,1778.468099,1,15567,7,275,60,16,0.0385,0,4,2.469690799,-1.209005017,"High Activity, Very High Mortgage"
10434,820,360763,49,1,0,0,0,1,7775,4,410,60,5,0.0385,0,5,1.568642679,2.131286578,"High Activity, Low Mortgage"
10752,706,811515,2,0,0,0,0,1,197,1,63,12,4,0.0279,0,3,-2.120722908,1.841639107,"Moderate Activity, Moderate Mortgage"
10355,814,52054,46,1,1,0,0,1,207804,6,419,60,17,0.0279,0,5,1.988876042,1.097823511,"High Activity, Low Mortgage"
10728,814,52056,46,1,1,0,0,1,207804,6,419,60,17,0.0279,0,5,1.988876286,1.097822022,"High Activity, Low Mortgage"
10276,806,244392,2,0,0,0,0,1,423,2,51,60,24,0.0385,0,0,-1.90064433,0.533245085,"Low Activity, High Credit Score"
10600,765,576470,5,0,0,1,0,1,55719,2,58,60,25,0.0259,0,0,-1.766704448,-1.757289865,"Low Activity, High Credit Score"
10124,810,211147,3,0,0,1,0,1,20164,2,63,60,25,0.0269,0,0,-1.775683473,-1.333074859,"Low Activity, High Credit Score"
10563,766,118960,2,0,0,0,0,1,488,1,40,48,10,0.0385,0,0,-1.803707585,1.725900946,"Low Activity, High Credit Score"
10152,815,52065,46,1,1,0,0,1,207807,6,419,60,17,0.0279,0,5,1.990573792,1.097794893,"High Activity, Low Mortgage"
10231,821,360778,49,1,0,0,0,1,7779,4,410,60,5,0.0385,0,5,1.570342603,2.131253003,"High Activity, Low Mortgage"
10594,766,576476,5,0,0,1,0,1,55721,2,58,60,25,0.0259,0,0,-1.765008994,-1.75731278,"Low Activity, High Credit Score"
10464,771,402494,1,0,0,0,0,1,361,1,43,60,16,0.0385,0,0,-1.885666763,0.865892753,"Low Activity, High Credit Score"
10482,574,610813,97,0,1,1,508,1,4492,6,81,60,16,0.0279,0,2,0.683366486,-0.920450156,"High Activity, High Mortgage"
10093,769,1201987.73,135,1,1,1,0,1,10130.21,5,100,60,5,0.0345,1,2,2.585372233,0.138292443,"High Activity, High Mortgage"
10106,450,1510116,4,0,0,0,0,1,97006,2,38,60,25,0.0259,0,6,-2.569744233,-1.577104436,"Low Activity, Low Credit Score"
10692,811,211155,3,0,0,1,0,1,20167,2,63,60,25,0.0269,0,0,-1.77398609,-1.333101243,"Low Activity, High Credit Score"
10320,721,1248072,44,1,0,1,1778.468099,1,15573,7,275,60,16,0.0385,0,4,2.471394949,-1.209047763,"High Activity, Very High Mortgage"
10262,770,648989,6,1,0,1,0,1,409235,5,125,60,15,0.0279,0,1,0.988931681,-1.677321028,"Moderate Activity, High Mortgage"
10750,800,291315,2,0,0,0,0,1,312,2,82,24,4,0.0279,0,3,-1.663970046,1.862279503,"Moderate Activity, Moderate Mortgage"
10235,721,1248074,44,1,0,1,1778.468099,1,15574,7,275,60,16,0.0385,0,4,2.471396878,-1.209051233,"High Activity, Very High Mortgage"
10739,748,203326,88,1,0,1,0,1,118029,7,300,60,7,0.0279,0,5,2.391139806,-0.209675502,"High Activity, Low Mortgage"
10732,770,648996,6,1,0,1,0,1,409237,5,125,60,15,0.0279,0,1,0.988935906,-1.677330199,"Moderate Activity, High Mortgage"
10351,748,203327,88,1,0,1,0,1,118029,7,300,60,7,0.0279,0,5,2.391139928,-0.209676246,"High Activity, Low Mortgage"
10660,767,118979,2,0,0,0,0,1,494,1,40,48,10,0.0385,0,0,-1.802003803,1.725860432,"Low Activity, High Credit Score"
10604,766,576492,5,0,0,1,0,1,55725,2,58,60,25,0.0259,0,0,-1.765000299,-1.757332611,"Low Activity, High Credit Score"
10024,824,1000889,2,0,0,0,0,1,15.87,2,100,60,12,0.0279,1,0,-1.487067261,-0.085249737,"Low Activity, High Credit Score"
10746,815,52084,46,1,1,0,0,1,207813,6,419,60,17,0.0279,0,5,1.990586222,1.097768868,"High Activity, Low Mortgage"
10389,450,1510132,4,0,0,0,0,1,97011,2,38,60,25,0.0259,0,6,-2.569733853,-1.577126248,"Low Activity, Low Credit Score"
10070,801,243846.84,2,0,0,0,0,1,259.4366667,2,48.16666667,60,24,0.0385,1,0,-1.916723205,0.528894814,"Low Activity, High Credit Score"
10665,767,118987,2,0,0,0,0,1,496,1,41,48,10,0.0385,0,0,-1.799430072,1.727669023,"Low Activity, High Credit Score"
10121,766,576498,5,0,0,1,0,1,55727,2,58,60,25,0.0259,0,0,-1.764996196,-1.757341038,"Low Activity, High Credit Score"
10329,721,1248092,44,1,0,1,1778.468099,1,15579,7,275,60,16,0.0385,0,4,2.471407502,-1.209074533,"High Activity, Very High Mortgage"
10051,769,1201987.73,135,1,1,1,0,1,10130.21,5,100,60,5,0.0345,1,2,2.585372233,0.138292443,"High Activity, High Mortgage"
9999,680,274263.55,25,1,1,0,0,1,32584.34,4,175,24,10,0.0385,1,3,0.474973272,3.122355345,"Moderate Activity, Moderate Mortgage"
10617,721,1248097,44,1,0,1,1778.468099,1,15581,7,275,60,16,0.0385,0,4,2.471411482,-1.209082216,"High Activity, Very High Mortgage"
10614,721,1248098,44,1,0,1,1778.468099,1,15581,7,275,60,16,0.0385,0,4,2.471411604,-1.20908296,"High Activity, Very High Mortgage"
10623,721,1248099,44,1,0,1,1778.468099,1,15582,7,275,60,16,0.0385,0,4,2.471413411,-1.209085686,"High Activity, Very High Mortgage"
10463,830,1001472,2,0,0,0,0,1,191,2,103,60,12,0.0279,0,0,-1.468844692,-0.080661944,"Low Activity, High Credit Score"
10255,815,52102,46,1,1,0,0,1,207818,6,419,60,17,0.0279,0,5,1.990596846,1.097745567,"High Activity, Low Mortgage"
10481,775,1202577,135,1,1,1,0,1,10307,5,103,60,5,0.0345,0,2,2.603598365,0.142872282,"High Activity, High Mortgage"
10674,831,901412,111,1,0,1,2148.674206,1,212472,8,63,48,10.5,0.0309,0,4,3.332143936,-1.899843393,"High Activity, Very High Mortgage"
10436,748,203353,88,1,0,1,0,1,118037,7,300,60,7,0.0279,0,5,2.391156584,-0.209711443,"High Activity, Low Mortgage"
10417,721,1248111,44,1,0,1,1778.468099,1,15585,7,275,60,16,0.0385,0,4,2.471419932,-1.209100559,"High Activity, Very High Mortgage"
10548,748,203355,88,1,0,1,0,1,118038,7,300,60,7,0.0279,0,5,2.391158513,-0.209714912,"High Activity, Low Mortgage"
10666,775,1202582,135,1,1,1,0,1,10309,5,103,60,5,0.0345,0,2,2.603602346,0.142864599,"High Activity, High Mortgage"
10348,748,203356,88,1,0,1,0,1,118038,7,300,60,7,0.0279,0,5,2.391158636,-0.209715656,"High Activity, Low Mortgage"
10130,686,274859,25,1,1,0,0,1,32763,4,178,24,10,0.0385,0,3,0.493203311,3.126926881,"Moderate Activity, Moderate Mortgage"
10097,561,311349,1,0,0,0,0,1,461,2,38,60,25,0.0269,0,6,-2.694583448,-0.421119241,"Low Activity, Low Credit Score"
10327,686,274863,25,1,1,0,0,1,32764,4,178,24,10,0.0385,0,3,0.493205485,3.126921923,"Moderate Activity, Moderate Mortgage"
10021,742,202761.09,88,1,0,1,0,1,117859.48,7,297,60,7,0.0279,1,5,2.372928899,-0.214287871,"High Activity, Low Mortgage"
10215,811,211201,3,0,0,1,0,1,20180,2,63,60,25,0.0269,0,0,-1.773958565,-1.333161229,"Low Activity, High Credit Score"
10523,721,1248118,44,1,0,1,1778.468099,1,15587,7,275,60,16,0.0385,0,4,2.471424158,-1.20910973,"High Activity, Very High Mortgage"
10610,821,360828,49,1,0,0,0,1,7794,4,410,60,5,0.0385,0,5,1.570373985,2.131186079,"High Activity, Low Mortgage"
10636,748,203365,88,1,0,1,0,1,118041,7,300,60,7,0.0279,0,5,2.39116479,-0.209728297,"High Activity, Low Mortgage"
10648,748,203366,88,1,0,1,0,1,118041,7,300,60,7,0.0279,0,5,2.391164912,-0.209729041,"High Activity, Low Mortgage"
10654,830,1001494,2,0,0,0,0,1,197,2,103,60,12,0.0279,0,0,-1.468831894,-0.080690202,"Low Activity, High Credit Score"
10433,686,274870,25,1,1,0,0,1,32766,4,178,24,10,0.0385,0,3,0.49320971,3.126912752,"Moderate Activity, Moderate Mortgage"
10572,775,1202594,135,1,1,1,0,1,10312,5,103,60,5,0.0345,0,2,2.603608867,0.142849726,"High Activity, High Mortgage"
10703,766,576532,5,0,0,1,0,1,55737,2,58,60,25,0.0259,0,0,-1.764975192,-1.757386151,"Low Activity, High Credit Score"
10366,830,1001497,2,0,0,0,0,1,198,2,103,60,12,0.0279,0,0,-1.468829842,-0.080694415,"Low Activity, High Credit Score"
10686,466,931121,1,0,0,0,0,1,13094,2,38,48,23.5,0.0314,0,6,-2.683529598,-0.158289208,"Low Activity, Low Credit Score"
10558,707,811587,2,0,0,0,0,1,219,1,63,12,4,0.0279,0,3,-2.118985691,1.841527455,"Moderate Activity, Moderate Mortgage"
10621,686,274874,25,1,1,0,0,1,32768,4,178,24,10,0.0385,0,3,0.493213568,3.126905813,"Moderate Activity, Moderate Mortgage"
10345,748,203372,88,1,0,1,0,1,118043,7,300,60,7,0.0279,0,5,2.391169015,-0.209737468,"High Activity, Low Mortgage"
10634,815,52127,46,1,1,0,0,1,207826,6,419,60,17,0.0279,0,5,1.99061338,1.097711115,"High Activity, Low Mortgage"
10477,831,901438,111,1,0,1,2148.674206,1,212479,8,63,48,10.5,0.0309,0,4,3.332158908,-1.899876609,"High Activity, Very High Mortgage"
10735,770,649048,6,1,0,1,0,1,409253,5,125,60,15,0.0279,0,1,0.988969218,-1.677400593,"Moderate Activity, High Mortgage"
10324,686,274882,25,1,1,0,0,1,32770,4,178,24,10,0.0385,0,3,0.493217915,3.126895898,"Moderate Activity, Moderate Mortgage"
10402,766,576544,5,0,0,1,0,1,55741,2,58,60,25,0.0259,0,0,-1.764966987,-1.757403005,"Low Activity, High Credit Score"
10153,770,649052,6,1,0,1,0,1,409254,5,125,60,15,0.0279,0,1,0.988971392,-1.677405551,"Moderate Activity, High Mortgage"
10676,574,610879,97,0,1,1,508,1,4512,6,81,60,16,0.0279,0,2,0.683408248,-0.920538892,"High Activity, High Mortgage"
10689,360,301842,1,0,0,0,0,1,51988,3,63,24,12,0.0304,0,6,-2.397748657,1.440981293,"Low Activity, Low Credit Score"
10265,800,291383,2,0,0,0,0,1,333,2,82,24,4,0.0279,0,3,-1.663926355,1.862187297,"Moderate Activity, Moderate Mortgage"
10212,766,576551,5,0,0,1,0,1,55743,2,58,60,25,0.0259,0,0,-1.764962762,-1.757412176,"Low Activity, High Credit Score"
10412,766,576552,5,0,0,1,0,1,55744,2,58,60,25,0.0259,0,0,-1.764960955,-1.757414902,"Low Activity, High Credit Score"
10174,807,244477,2,0,0,0,0,1,448,2,51,60,24,0.0385,0,0,-1.89890047,0.533117816,"Low Activity, High Credit Score"
10170,707,811609,2,0,0,0,0,1,226,1,63,12,4,0.0279,0,3,-2.118971209,1.841497216,"Moderate Activity, Moderate Mortgage"
10398,360,301854,1,0,0,0,0,1,51991,3,63,24,12,0.0304,0,6,-2.397742135,1.440966419,"Low Activity, Low Credit Score"
10533,748,203394,88,1,0,1,0,1,118049,7,300,60,7,0.0279,0,5,2.391181813,-0.209765726,"High Activity, Low Mortgage"
10166,830,1001523,2,0,0,0,0,1,206,2,103,60,12,0.0279,0,0,-1.468813186,-0.080729612,"Low Activity, High Credit Score"
10379,574,610892,97,0,1,1,508,1,4516,6,81,60,16,0.0279,0,2,0.683416576,-0.920556491,"High Activity, High Mortgage"
10721,686,274898,25,1,1,0,0,1,32775,4,178,24,10,0.0385,0,3,0.493228295,3.126874085,"Moderate Activity, Moderate Mortgage"
10019,715,1247516.94,44,1,0,1,1778.468099,1,15406.83,7,272,60,16,0.0385,1,4,2.453190889,-1.2136741,"High Activity, Very High Mortgage"
10762,767,119054,2,0,0,0,0,1,516,1,41,48,10,0.0385,0,0,-1.799388187,1.727579542,"Low Activity, High Credit Score"
10163,748,203404,88,1,0,1,0,1,118052,7,300,60,7,0.0279,0,5,2.39118809,-0.209779111,"High Activity, Low Mortgage"
9992,555,310750.69,1,0,0,0,0,1,282.03,2,35,60,25,0.0269,1,6,-2.712814358,-0.425688034,"Low Activity, Low Credit Score"
10311,766,576570,5,0,0,1,0,1,55749,2,58,60,25,0.0259,0,0,-1.764950331,-1.757438202,"Low Activity, High Credit Score"
10734,815,52160,46,1,1,0,0,1,207836,6,419,60,17,0.0279,0,5,1.990634261,1.097666746,"High Activity, Low Mortgage"
10119,766,576571,5,0,0,1,0,1,55749,2,58,60,25,0.0259,0,0,-1.764950209,-1.757438946,"Low Activity, High Credit Score"
10118,811,211248,3,0,0,1,0,1,20194,2,63,60,25,0.0269,0,0,-1.773929234,-1.33322394,"Low Activity, High Credit Score"
10741,770,649080,6,1,0,1,0,1,409262,5,125,60,15,0.0279,0,1,0.988988292,-1.677442236,"Moderate Activity, High Mortgage"
10172,831,1001541,2,0,0,0,0,1,212,2,103,60,12,0.0279,0,0,-1.467109527,-0.080769382,"Low Activity, High Credit Score"
10282,575,610911,97,0,1,1,508,1,4522,6,81,60,16,0.0279,0,2,0.685120358,-0.920597005,"High Activity, High Mortgage"
10112,812,211253,3,0,0,1,0,1,20196,2,63,60,25,0.0269,0,0,-1.772233902,-1.333246111,"Low Activity, High Credit Score"
10245,749,203416,88,1,0,1,0,1,118056,7,300,60,7,0.0279,0,5,2.392887646,-0.209810454,"High Activity, Low Mortgage"
10322,822,360881,49,1,0,0,0,1,7810,4,410,60,5,0.0385,0,5,1.572098771,2.131100452,"High Activity, Low Mortgage"
10550,771,649088,6,1,0,1,0,1,409264,5,125,60,15,0.0279,0,1,0.990683991,-1.677466639,"Moderate Activity, High Mortgage"
10440,816,52169,46,1,1,0,0,1,207838,6,419,60,17,0.0279,0,5,1.992330082,1.097641599,"High Activity, Low Mortgage"
10142,687,274921,25,1,1,0,0,1,32782,4,178,24,10,0.0385,0,3,0.49493425,3.126828614,"Moderate Activity, Moderate Mortgage"
10335,722,1248175,44,1,0,1,1778.468099,1,15604,7,275,60,16,0.0385,0,4,2.473151117,-1.209200314,"High Activity, Very High Mortgage"
10297,361,301880,1,0,0,0,0,1,51999,3,63,24,12,0.0304,0,6,-2.396034128,1.440916734,"Low Activity, Low Credit Score"
10089,794,290758.15,2,0,0,0,0,1,145.07,2,79,24,4,0.0279,1,3,-1.682175604,1.857656005,"Moderate Activity, Moderate Mortgage"
10407,812,211261,3,0,0,1,0,1,20198,2,63,60,25,0.0269,0,0,-1.772229555,-1.333256026,"Low Activity, High Credit Score"
10337,822,360890,49,1,0,0,0,1,7812,4,410,60,5,0.0385,0,5,1.572103241,2.131089793,"High Activity, Low Mortgage"
10655,708,811641,2,0,0,0,0,1,235,1,63,12,4,0.0279,0,3,-2.117260784,1.841441085,"Moderate Activity, Moderate Mortgage"
10260,749,203426,88,1,0,1,0,1,118059,7,300,60,7,0.0279,0,5,2.392893923,-0.209823839,"High Activity, Low Mortgage"
10049,801,243846.84,2,0,0,0,0,1,259.4366667,2,48.16666667,60,24,0.0385,1,0,-1.916723205,0.528894814,"Low Activity, High Credit Score"
10183,832,901489,111,1,0,1,2148.674206,1,212495,8,63,48,10.5,0.0309,0,4,3.333883448,-1.899960747,"High Activity, Very High Mortgage"
9994,354,301220.19,1,0,0,0,0,1,51801.17,3,60,24,12,0.0304,1,6,-2.415995681,1.436445559,"Low Activity, Low Credit Score"
10336,687,274933,25,1,1,0,0,1,32785,4,178,24,10,0.0385,0,3,0.494940772,3.126813741,"Moderate Activity, Moderate Mortgage"
10284,776,1202659,135,1,1,1,0,1,10332,5,103,60,5,0.0345,0,2,2.605341858,0.142747246,"High Activity, High Mortgage"
10294,467,931183,1,0,0,0,0,1,13112,2,38,48,23.5,0.0314,0,6,-2.681800343,-0.158385494,"Low Activity, Low Credit Score"
10325,822,360898,49,1,0,0,0,1,7815,4,410,60,5,0.0385,0,5,1.572109273,2.131077896,"High Activity, Low Mortgage"
10317,767,576597,5,0,0,1,0,1,55757,2,58,60,25,0.0259,0,0,-1.763242202,-1.757488631,"Low Activity, High Credit Score"
10292,451,1510233,4,0,0,0,0,1,97041,2,38,60,25,0.0259,0,6,-2.567979614,-1.57727533,"Low Activity, Low Credit Score"
10053,825,900822.64,111,1,0,1,2148.674206,1,212294.86,8,60,48,10.5,0.0309,1,4,3.313917203,-1.904422472,"High Activity, Very High Mortgage"
10537,816,52189,46,1,1,0,0,1,207844,6,419,60,17,0.0279,0,5,1.992342635,1.097614829,"High Activity, Low Mortgage"
10664,808,244527,2,0,0,0,0,1,464,2,52,60,24,0.0385,0,0,-1.894606668,0.534852928,"Low Activity, High Credit Score"
10268,801,291438,2,0,0,0,0,1,349,2,82,24,4,0.0279,0,3,-1.662201325,1.862100183,"Moderate Activity, Moderate Mortgage"
10155,816,52194,46,1,1,0,0,1,207846,6,419,60,17,0.0279,0,5,1.992346616,1.097607146,"High Activity, Low Mortgage"
10640,816,52195,46,1,1,0,0,1,207846,6,419,60,17,0.0279,0,5,1.992346738,1.097606402,"High Activity, Low Mortgage"
10128,822,360908,49,1,0,0,0,1,7818,4,410,60,5,0.0385,0,5,1.572115549,2.131064511,"High Activity, Low Mortgage"
10492,467,931194,1,0,0,0,0,1,13116,2,38,48,23.5,0.0314,0,6,-2.68179226,-0.158401604,"Low Activity, Low Credit Score"
10596,767,576606,5,0,0,1,0,1,55760,2,58,60,25,0.0259,0,0,-1.763236047,-1.757501272,"Low Activity, High Credit Score"
10178,768,119099,2,0,0,0,0,1,530,1,41,48,10,0.0385,0,0,-1.797667749,1.727503831,"Low Activity, High Credit Score"
10242,749,203447,88,1,0,1,0,1,118065,7,300,60,7,0.0279,0,5,2.392906598,-0.209851353,"High Activity, Low Mortgage"
10045,824,1000889,2,0,0,0,0,1,15.87,2,100,60,12,0.0279,1,0,-1.487067261,-0.085249737,"Low Activity, High Credit Score"
10086,764,648431.64,6,1,0,1,0,1,409067.67,5,122,60,15,0.0279,1,1,0.970725387,-1.681943354,"Moderate Activity, High Mortgage"
10123,767,576614,5,0,0,1,0,1,55762,2,58,60,25,0.0259,0,0,-1.7632317,-1.757511187,"Low Activity, High Credit Score"
10399,467,931208,1,0,0,0,0,1,13120,2,38,48,23.5,0.0314,0,6,-2.68178381,-0.158419947,"Low Activity, Low Credit Score"
10711,722,1248214,44,1,0,1,1778.468099,1,15616,7,275,60,16,0.0385,0,4,2.4731761,-1.20925311,"High Activity, Very High Mortgage"
10723,722,1248215,44,1,0,1,1778.468099,1,15616,7,275,60,16,0.0385,0,4,2.473176223,-1.209253854,"High Activity, Very High Mortgage"
10108,467,931211,1,0,0,0,0,1,13121,2,38,48,23.5,0.0314,0,6,-2.681781758,-0.15842416,"Low Activity, Low Credit Score"
10580,832,901523,111,1,0,1,2148.674206,1,212505,8,64,48,10.5,0.0309,0,4,3.336473836,-1.898187354,"High Activity, Very High Mortgage"
10234,822,360927,49,1,0,0,0,1,7824,4,411,60,5,0.0385,0,5,1.574697364,2.132856991,"High Activity, Low Mortgage"
10105,562,311452,1,0,0,0,0,1,492,2,39,60,25,0.0269,0,6,-2.690257896,-0.419453286,"Low Activity, Low Credit Score"
10181,776,1202689,135,1,1,1,0,1,10341,5,104,60,5,0.0345,0,2,2.607930071,0.144525597,"High Activity, High Mortgage"
10141,722,1248219,44,1,0,1,1778.468099,1,15617,7,276,60,16,0.0385,0,4,2.475747781,-1.207440306,"High Activity, Very High Mortgage"
10259,771,649134,6,1,0,1,0,1,409278,5,126,60,15,0.0279,0,1,0.993282584,-1.6757101,"Moderate Activity, High Mortgage"
10003,824,1000889,2,0,0,0,0,1,15.87,2,100,60,12,0.0279,1,0,-1.487067261,-0.085249737,"Low Activity, High Credit Score"
10547,771,649139,6,1,0,1,0,1,409280,5,126,60,15,0.0279,0,1,0.993286564,-1.675717783,"Moderate Activity, High Mortgage"
10378,776,1202698,135,1,1,1,0,1,10343,5,104,60,5,0.0345,0,2,2.607934541,0.144514937,"High Activity, High Mortgage"
10342,749,203475,88,1,0,1,0,1,118074,7,301,60,7,0.0279,0,5,2.395494567,-0.208071513,"High Activity, Low Mortgage"
10376,575,610973,97,0,1,1,508,1,4540,6,82,60,16,0.0279,0,2,0.687727646,-0.918860296,"High Activity, High Mortgage"
10189,832,901538,111,1,0,1,2148.674206,1,212509,8,64,48,10.5,0.0309,0,4,3.336482408,-1.89820644,"High Activity, Very High Mortgage"
10479,575,610973,97,0,1,1,508,1,4540,6,82,60,16,0.0279,0,2,0.687727646,-0.918860296,"High Activity, High Mortgage"
10074,825,900822.64,111,1,0,1,2148.674206,1,212294.86,8,60,48,10.5,0.0309,1,4,3.313917203,-1.904422472,"High Activity, Very High Mortgage"
10369,768,119129,2,0,0,0,0,1,539,1,41,48,10,0.0385,0,0,-1.79764892,1.727463676,"Low Activity, High Credit Score"
10239,687,274981,25,1,1,0,0,1,32800,4,179,24,10,0.0385,0,3,0.497541294,3.12856681,"Moderate Activity, Moderate Mortgage"
10131,822,360947,49,1,0,0,0,1,7830,4,411,60,5,0.0385,0,5,1.574709917,2.132830222,"High Activity, Low Mortgage"
10258,816,52234,46,1,1,0,0,1,207858,6,420,60,17,0.0279,0,5,1.994941106,1.099372112,"High Activity, Low Mortgage"
10628,822,360948,49,1,0,0,0,1,7830,4,411,60,5,0.0385,0,5,1.574710039,2.132829478,"High Activity, Low Mortgage"
10736,749,203482,88,1,0,1,0,1,118076,7,301,60,7,0.0279,0,5,2.395498792,-0.208080685,"High Activity, Low Mortgage"
10498,812,211323,3,0,0,1,0,1,20217,2,64,60,25,0.0269,0,0,-1.769620582,-1.331521299,"Low Activity, High Credit Score"
10753,801,291481,2,0,0,0,0,1,362,2,83,24,4,0.0279,0,3,-1.659604783,1.863860936,"Moderate Activity, Moderate Mortgage"
10216,767,576647,5,0,0,1,0,1,55772,2,59,60,25,0.0259,0,0,-1.760641435,-1.75573705,"Low Activity, High Credit Score"
10382,575,610982,97,0,1,1,508,1,4543,6,82,60,16,0.0279,0,2,0.6877338,-0.918872937,"High Activity, High Mortgage"
10425,822,360952,49,1,0,0,0,1,7831,4,411,60,5,0.0385,0,5,1.574712213,2.13282452,"High Activity, Low Mortgage"
10518,687,274990,25,1,1,0,0,1,32802,4,179,24,10,0.0385,0,3,0.497545764,3.128556151,"Moderate Activity, Moderate Mortgage"
10011,825,900822.64,111,1,0,1,2148.674206,1,212294.86,8,60,48,10.5,0.0309,1,4,3.313917203,-1.904422472,"High Activity, Very High Mortgage"
10143,822,360960,49,1,0,0,0,1,7833,4,411,60,5,0.0385,0,5,1.574716561,2.132814604,"High Activity, Low Mortgage"
10542,749,203497,88,1,0,1,0,1,118080,7,301,60,7,0.0279,0,5,2.395507365,-0.208099771,"High Activity, Low Mortgage"
10700,812,211338,3,0,0,1,0,1,20221,2,64,60,25,0.0269,0,0,-1.76961201,-1.331540386,"Low Activity, High Credit Score"
10046,701,810977.39,2,0,0,0,0,1,35.97,1,60,12,4,0.0279,1,3,-2.137224823,1.836975114,"Moderate Activity, Moderate Mortgage"
10309,767,576662,5,0,0,1,0,1,55776,2,59,60,25,0.0259,0,0,-1.760632862,-1.755756137,"Low Activity, High Credit Score"
10287,776,1202727,135,1,1,1,0,1,10352,5,104,60,5,0.0345,0,2,2.607953249,0.144475527,"High Activity, High Mortgage"
10066,824,1000889,2,0,0,0,0,1,15.87,2,100,60,12,0.0279,1,0,-1.487067261,-0.085249737,"Low Activity, High Credit Score"
10520,722,1248258,44,1,0,1,1778.468099,1,15629,7,276,60,16,0.0385,0,4,2.475772764,-1.207493101,"High Activity, Very High Mortgage"
10489,562,311492,1,0,0,0,0,1,504,2,39,60,25,0.0269,0,6,-2.69023279,-0.419506825,"Low Activity, Low Credit Score"
10059,805,210600.05,3,0,0,1,0,1,20000,2,60,60,25,0.0269,1,0,-1.792191534,-1.337726017,"Low Activity, High Credit Score"
10358,816,52257,46,1,1,0,0,1,207865,6,420,60,17,0.0279,0,5,1.99495571,1.099341129,"High Activity, Low Mortgage"
10365,801,291503,2,0,0,0,0,1,369,2,83,24,4,0.0279,0,3,-1.659590301,1.863830696,"Moderate Activity, Moderate Mortgage"
10757,768,119161,2,0,0,0,0,1,548,1,41,48,10,0.0385,0,0,-1.797629845,1.727422034,"Low Activity, High Credit Score"
10427,688,275014,25,1,1,0,0,1,32809,4,179,24,10,0.0385,0,3,0.499251842,3.128509935,"Moderate Activity, Moderate Mortgage"
10455,817,52264,46,1,1,0,0,1,207867,6,420,60,17,0.0279,0,5,1.996651287,1.099317469,"High Activity, Low Mortgage"
10352,817,52265,46,1,1,0,0,1,207867,6,420,60,17,0.0279,0,5,1.996651409,1.099316725,"High Activity, Low Mortgage"
10217,813,211354,3,0,0,1,0,1,20226,2,64,60,25,0.0269,0,0,-1.767910279,-1.331576686,"Low Activity, High Credit Score"
10281,777,1202743,135,1,1,1,0,1,10357,5,104,60,5,0.0345,0,2,2.609654979,0.144439226,"High Activity, High Mortgage"
10318,813,211360,3,0,0,1,0,1,20228,2,64,60,25,0.0269,0,0,-1.767906176,-1.331585113,"Low Activity, High Credit Score"
10500,813,211362,3,0,0,1,0,1,20229,2,64,60,25,0.0269,0,0,-1.767904247,-1.331588583,"Low Activity, High Credit Score"
10731,817,52276,46,1,1,0,0,1,207871,6,420,60,17,0.0279,0,5,1.996659492,1.099300615,"High Activity, Low Mortgage"
10566,769,119184,2,0,0,0,0,1,555,1,42,48,10,0.0385,0,0,-1.793354506,1.729195068,"Low Activity, High Credit Score"
10117,768,576695,5,0,0,1,0,1,55786,2,59,60,25,0.0259,0,0,-1.75892063,-1.755814993,"Low Activity, High Credit Score"
10397,452,1510333,4,0,0,0,0,1,97071,2,39,60,25,0.0259,0,6,-2.563656114,-1.575605161,"Low Activity, Low Credit Score"
10232,723,1248292,44,1,0,1,1778.468099,1,15639,7,276,60,16,0.0385,0,4,2.477485119,-1.207552702,"High Activity, Very High Mortgage"
10719,823,361002,49,1,0,0,0,1,7846,4,411,60,5,0.0385,0,5,1.576434947,2.132743107,"High Activity, Low Mortgage"
10587,452,1510338,4,0,0,0,0,1,97073,2,39,60,25,0.0259,0,6,-2.563652133,-1.575612844,"Low Activity, Low Credit Score"
10114,813,211380,3,0,0,1,0,1,20234,2,64,60,25,0.0269,0,0,-1.767893623,-1.331611883,"Low Activity, High Credit Score"
10476,576,611040,97,0,1,1,508,1,4560,6,82,60,16,0.0279,0,2,0.689460882,-0.918964265,"High Activity, High Mortgage"
10054,460,930511.4,1,0,0,0,0,1,12910.99,2,35,48,23.5,0.0314,1,6,-2.701768695,-0.162841596,"Low Activity, Low Credit Score"
10680,452,1510345,4,0,0,0,0,1,97075,2,39,60,25,0.0259,0,6,-2.563647908,-1.575622015,"Low Activity, Low Credit Score"
10651,832,1001676,2,0,0,0,0,1,252,2,104,60,12,0.0279,0,0,-1.4627649,-0.07914507,"Low Activity, High Credit Score"
10120,813,211387,3,0,0,1,0,1,20236,2,64,60,25,0.0269,0,0,-1.767889398,-1.331621055,"Low Activity, High Credit Score"
10092,761,118413.5,2,0,0,0,0,1,324.0366667,1,37.66666667,48,10,0.0385,1,0,-1.818502606,1.722461717,"Low Activity, High Credit Score"
10581,468,931301,1,0,0,0,0,1,13148,2,39,48,23.5,0.0314,0,6,-2.677464534,-0.156740607,"Low Activity, Low Credit Score"
10077,444,1509560.39,4,0,0,0,0,1,96839.51,2,35,60,25,0.0259,1,6,-2.587948898,-1.581729729,"Low Activity, Low Credit Score"
10157,750,203554,88,1,0,1,0,1,118097,7,301,60,7,0.0279,0,5,2.397234324,-0.208190355,"High Activity, Low Mortgage"
10151,750,203558,88,1,0,1,0,1,118098,7,301,60,7,0.0279,0,5,2.397236498,-0.208195313,"High Activity, Low Mortgage"
10283,833,901621,111,1,0,1,2148.674206,1,212534,8,64,48,10.5,0.0309,0,4,3.338226023,-1.898332221,"High Activity, Very High Mortgage"
10277,769,119212,2,0,0,0,0,1,564,1,42,48,10,0.0385,0,0,-1.793335921,1.729156401,"Low Activity, High Credit Score"
10279,576,611057,97,0,1,1,508,1,4565,6,82,60,16,0.0279,0,2,0.689471384,-0.918986821,"High Activity, High Mortgage"
10415,813,211400,3,0,0,1,0,1,20240,2,64,60,25,0.0269,0,0,-1.76788107,-1.331638653,"Low Activity, High Credit Score"
10263,832,1001692,2,0,0,0,0,1,257,2,104,60,12,0.0279,0,0,-1.462754521,-0.079166882,"Low Activity, High Credit Score"
10519,823,361030,49,1,0,0,0,1,7854,4,411,60,5,0.0385,0,5,1.576451848,2.132706422,"High Activity, Low Mortgage"
10363,832,1001695,2,0,0,0,0,1,258,2,104,60,12,0.0279,0,0,-1.46275247,-0.079171095,"Low Activity, High Credit Score"
10765,833,901629,111,1,0,1,2148.674206,1,212537,8,64,48,10.5,0.0309,0,4,3.338232055,-1.898344118,"High Activity, Very High Mortgage"
10510,813,211408,3,0,0,1,0,1,20243,2,64,60,25,0.0269,0,0,-1.767875038,-1.33165055,"Low Activity, High Credit Score"
10016,760,575923.87,5,0,0,1,0,1,55555,2,55,60,25,0.0259,1,0,-1.783212408,-1.761941634,"Low Activity, High Credit Score"
10659,809,244657,2,0,0,0,0,1,503,2,52,60,24,0.0385,0,0,-1.892833722,0.534664436,"Low Activity, High Credit Score"
10035,444,1509560.39,4,0,0,0,0,1,96839.51,2,35,60,25,0.0259,1,6,-2.587948898,-1.581729729,"Low Activity, Low Credit Score"
10002,764,648431.64,6,1,0,1,0,1,409067.67,5,122,60,15,0.0279,1,1,0.970725387,-1.681943354,"Moderate Activity, High Mortgage"
10597,813,211411,3,0,0,1,0,1,20243,2,64,60,25,0.0269,0,0,-1.767874671,-1.331652782,"Low Activity, High Credit Score"
10702,813,211412,3,0,0,1,0,1,20244,2,64,60,25,0.0269,0,0,-1.767872865,-1.331655507,"Low Activity, High Credit Score"
10733,750,203578,88,1,0,1,0,1,118105,7,301,60,7,0.0279,0,5,2.397250735,-0.208224064,"High Activity, Low Mortgage"
10727,750,203579,88,1,0,1,0,1,118105,7,301,60,7,0.0279,0,5,2.397250858,-0.208224808,"High Activity, Low Mortgage"
10578,777,1202810,135,1,1,1,0,1,10377,5,104,60,5,0.0345,0,2,2.609696864,0.144349746,"High Activity, High Mortgage"
10020,680,274263.55,25,1,1,0,0,1,32584.34,4,175,24,10,0.0385,1,3,0.474973272,3.122355345,"Moderate Activity, Moderate Mortgage"
10738,772,649257,6,1,0,1,0,1,409315,5,126,60,15,0.0279,0,1,0.995051305,-1.675889421,"Moderate Activity, High Mortgage"
10426,723,1248343,44,1,0,1,1778.468099,1,15655,7,276,60,16,0.0385,0,4,2.477518308,-1.207622351,"High Activity, Very High Mortgage"
10559,802,291585,2,0,0,0,0,1,393,2,83,24,4,0.0279,0,3,-1.657848493,1.863707641,"Moderate Activity, Moderate Mortgage"
10009,769,1201987.73,135,1,1,1,0,1,10130.21,5,100,60,5,0.0345,1,2,2.585372233,0.138292443,"High Activity, High Mortgage"
10058,760,575923.87,5,0,0,1,0,1,55555,2,55,60,25,0.0259,1,0,-1.783212408,-1.761941634,"Low Activity, High Credit Score"
10449,817,52342,46,1,1,0,0,1,207890,6,420,60,17,0.0279,0,5,1.99669957,1.09921386,"High Activity, Low Mortgage"
10272,769,119243,2,0,0,0,0,1,573,1,42,48,10,0.0385,0,0,-1.793316969,1.729115503,"Low Activity, High Credit Score"
10645,750,203591,88,1,0,1,0,1,118108,7,301,60,7,0.0279,0,5,2.397257379,-0.208239681,"High Activity, Low Mortgage"
10574,833,901653,111,1,0,1,2148.674206,1,212544,8,64,48,10.5,0.0309,0,4,3.338246782,-1.898375846,"High Activity, Very High Mortgage"
10154,750,203594,88,1,0,1,0,1,118109,7,301,60,7,0.0279,0,5,2.39725943,-0.208243895,"High Activity, Low Mortgage"
10485,563,311584,1,0,0,0,0,1,532,2,39,60,25,0.0269,0,6,-2.68848302,-0.419645247,"Low Activity, Low Credit Score"
10410,768,576759,5,0,0,1,0,1,55805,2,59,60,25,0.0259,0,0,-1.758880797,-1.75590026,"Low Activity, High Credit Score"
10147,772,649268,6,1,0,1,0,1,409319,5,126,60,15,0.0279,0,1,0.995059388,-1.675905531,"Moderate Activity, High Mortgage"
10644,772,649270,6,1,0,1,0,1,409319,5,126,60,15,0.0279,0,1,0.995059633,-1.675907019,"Moderate Activity, High Mortgage"
10493,563,311591,1,0,0,0,0,1,534,2,39,60,25,0.0269,0,6,-2.688478795,-0.419654418,"Low Activity, Low Credit Score"
10553,772,649274,6,1,0,1,0,1,409321,5,126,60,15,0.0279,0,1,0.995063491,-1.675913958,"Moderate Activity, High Mortgage"
10657,832,1001734,2,0,0,0,0,1,269,2,104,60,12,0.0279,0,0,-1.46272917,-0.07922191,"Low Activity, High Credit Score"
10486,452,1510406,4,0,0,0,0,1,97093,2,39,60,25,0.0259,0,6,-2.563610126,-1.575703069,"Low Activity, Low Credit Score"
10448,750,203608,88,1,0,1,0,1,118114,7,301,60,7,0.0279,0,5,2.397269565,-0.208264219,"High Activity, Low Mortgage"
10373,810,244700,2,0,0,0,0,1,515,2,52,60,24,0.0385,0,0,-1.891116897,0.534594176,"Low Activity, High Credit Score"
10371,810,244701,2,0,0,0,0,1,516,2,52,60,24,0.0385,0,0,-1.89111509,0.534591451,"Low Activity, High Credit Score"
10508,814,211454,3,0,0,1,0,1,20256,2,64,60,25,0.0269,0,0,-1.766156162,-1.331725023,"Low Activity, High Credit Score"
10067,701,810977.39,2,0,0,0,0,1,35.97,1,60,12,4,0.0279,1,3,-2.137224823,1.836975114,"Moderate Activity, Moderate Mortgage"
10319,824,361083,49,1,0,0,0,1,7870,4,411,60,5,0.0385,0,5,1.578176633,2.132620796,"High Activity, Low Mortgage"
10770,577,611115,97,0,1,1,508,1,4583,6,82,60,16,0.0279,0,2,0.691200149,-0.919080131,"High Activity, High Mortgage"
10362,803,291615,2,0,0,0,0,1,402,2,83,24,4,0.0279,0,3,-1.656138312,1.863652998,"Moderate Activity, Moderate Mortgage"
10469,770,119273,2,0,0,0,0,1,582,1,42,48,10,0.0385,0,0,-1.791606788,1.72906086,"Low Activity, High Credit Score"
10194,564,311612,1,0,0,0,0,1,541,2,39,60,25,0.0269,0,6,-2.686773084,-0.419698402,"Low Activity, Low Credit Score"
10372,770,119275,2,0,0,0,0,1,583,1,42,48,10,0.0385,0,0,-1.791604859,1.72905739,"Low Activity, High Credit Score"
10208,769,576786,5,0,0,1,0,1,55814,2,59,60,25,0.0259,0,0,-1.757170983,-1.755952671,"Low Activity, High Credit Score"
10579,577,611120,97,0,1,1,508,1,4584,6,82,60,16,0.0279,0,2,0.691202445,-0.919085832,"High Activity, High Mortgage"
10186,834,901689,111,1,0,1,2148.674206,1,212555,8,64,48,10.5,0.0309,0,4,3.339961066,-1.898438916,"High Activity, Very High Mortgage"
10293,363,302092,1,0,0,0,0,1,52063,3,64,24,12,0.0304,0,6,-2.389948305,1.442421712,"Low Activity, Low Credit Score"
10101,564,311624,1,0,0,0,0,1,544,2,39,60,25,0.0269,0,6,-2.686766563,-0.419713275,"Low Activity, Low Credit Score"
10540,818,52386,46,1,1,0,0,1,207904,6,420,60,17,0.0279,0,5,1.998419885,1.099138893,"High Activity, Low Mortgage"
10099,363,302094,1,0,0,0,0,1,52063,3,64,24,12,0.0304,0,6,-2.38994806,1.442420223,"Low Activity, Low Credit Score"
10084,742,202761.09,88,1,0,1,0,1,117859.48,7,297,60,7,0.0279,1,5,2.372928899,-0.214287871,"High Activity, Low Mortgage"
10552,818,52388,46,1,1,0,0,1,207904,6,420,60,17,0.0279,0,5,1.99842013,1.099137405,"High Activity, Low Mortgage"
10218,769,576802,5,0,0,1,0,1,55818,2,59,60,25,0.0259,0,0,-1.757162288,-1.755972501,"Low Activity, High Credit Score"
10555,710,811857,2,0,0,0,0,1,300,1,64,12,4,0.0279,0,3,-2.111172787,1.842941104,"Moderate Activity, Moderate Mortgage"
10253,773,649315,6,1,0,1,0,1,409333,5,126,60,15,0.0279,0,1,0.996780071,-1.67598273,"Moderate Activity, High Mortgage"
10487,363,302105,1,0,0,0,0,1,52067,3,64,24,12,0.0304,0,6,-2.389939977,1.442404113,"Low Activity, Low Credit Score"
10191,577,611145,97,0,1,1,508,1,4592,6,82,60,16,0.0279,0,2,0.691218979,-0.919120285,"High Activity, High Mortgage"
10696,814,211489,3,0,0,1,0,1,20267,2,64,60,25,0.0269,0,0,-1.766133352,-1.331772861,"Low Activity, High Credit Score"
10198,564,311643,1,0,0,0,0,1,550,2,39,60,25,0.0269,0,6,-2.686754132,-0.4197393,"Low Activity, Low Credit Score"
10761,810,244739,2,0,0,0,0,1,527,2,53,60,24,0.0385,0,0,-1.888522529,0.536359886,"Low Activity, High Credit Score"
10534,818,52407,46,1,1,0,0,1,207910,6,420,60,17,0.0279,0,5,1.998432561,1.099111379,"High Activity, Low Mortgage"
10505,769,576819,5,0,0,1,0,1,55823,2,59,60,25,0.0259,0,0,-1.757151786,-1.755995058,"Low Activity, High Credit Score"
10560,833,1001787,2,0,0,0,0,1,285,2,104,60,12,0.0279,0,0,-1.461004385,-0.079307536,"Low Activity, High Credit Score"
10244,773,649330,6,1,0,1,0,1,409337,5,126,60,15,0.0279,0,1,0.996788644,-1.676001817,"Moderate Activity, High Mortgage"
10616,824,361126,49,1,0,0,0,1,7883,4,411,60,5,0.0385,0,5,1.578203791,2.132563043,"High Activity, Low Mortgage"
10165,773,649334,6,1,0,1,0,1,409338,5,127,60,15,0.0279,0,1,0.999360201,-1.674188269,"Moderate Activity, High Mortgage"
10169,833,1001792,2,0,0,0,0,1,287,2,105,60,12,0.0279,0,0,-1.45843102,-0.077496713,"Low Activity, High Credit Score"
10096,469,931415,1,0,0,0,0,1,13182,2,40,48,23.5,0.0314,0,6,-2.673132583,-0.155088781,"Low Activity, Low Credit Score"
10729,773,649336,6,1,0,1,0,1,409339,5,127,60,15,0.0279,0,1,0.99936213,-1.674191738,"Moderate Activity, High Mortgage"
10192,834,901729,111,1,0,1,2148.674206,1,212567,8,65,48,10.5,0.0309,0,4,3.342555556,-1.896673949,"High Activity, Very High Mortgage"
10406,769,576833,5,0,0,1,0,1,55828,2,60,60,25,0.0259,0,0,-1.754572268,-1.754196876,"Low Activity, High Credit Score"
10605,814,211510,3,0,0,1,0,1,20273,2,65,60,25,0.0269,0,0,-1.763551293,-1.329981869,"Low Activity, High Credit Score"
10305,769,576835,5,0,0,1,0,1,55828,2,60,60,25,0.0259,0,0,-1.754572023,-1.754198364,"Low Activity, High Credit Score"
10168,803,291670,2,0,0,0,0,1,419,2,84,24,4,0.0279,0,3,-1.653533565,1.865396896,"Moderate Activity, Moderate Mortgage"
10149,818,52425,46,1,1,0,0,1,207915,6,421,60,17,0.0279,0,5,2.001012569,1.100906584,"High Activity, Low Mortgage"
10193,469,931425,1,0,0,0,0,1,13185,2,40,48,23.5,0.0314,0,6,-2.673126306,-0.155102165,"Low Activity, Low Credit Score"
10502,814,211513,3,0,0,1,0,1,20274,2,65,60,25,0.0269,0,0,-1.763549242,-1.329986083,"Low Activity, High Credit Score"
10772,778,1202901,135,1,1,1,0,1,10404,5,105,60,5,0.0345,0,2,2.61401421,0.146032555,"High Activity, High Mortgage"
10375,778,1202903,135,1,1,1,0,1,10405,5,105,60,5,0.0345,0,2,2.614016139,0.146029086,"High Activity, High Mortgage"
10496,469,931429,1,0,0,0,0,1,13186,2,40,48,23.5,0.0314,0,6,-2.673124133,-0.155107123,"Low Activity, Low Credit Score"
10462,803,291676,2,0,0,0,0,1,420,2,84,24,4,0.0279,0,3,-1.653531146,1.86539045,"Moderate Activity, Moderate Mortgage"
10524,689,275182,25,1,1,0,0,1,32860,4,180,24,10,0.0385,0,3,0.503619033,3.130087898,"Moderate Activity, Moderate Mortgage"
10543,818,52432,46,1,1,0,0,1,207917,6,421,60,17,0.0279,0,5,2.001016794,1.100897413,"High Activity, Low Mortgage"
10392,564,311672,1,0,0,0,0,1,558,2,40,60,25,0.0269,0,6,-2.684167725,-0.417958224,"Low Activity, Low Credit Score"
10236,689,275186,25,1,1,0,0,1,32861,4,180,24,10,0.0385,0,3,0.503621207,3.13008294,"Moderate Activity, Moderate Mortgage"
10638,773,649356,6,1,0,1,0,1,409345,5,127,60,15,0.0279,0,1,0.999374684,-1.674218508,"Moderate Activity, High Mortgage"
10213,814,211526,3,0,0,1,0,1,20278,2,65,60,25,0.0269,0,0,-1.763540914,-1.330003681,"Low Activity, High Credit Score"
10102,453,1510486,4,0,0,0,0,1,97117,2,40,60,25,0.0259,0,6,-2.559299179,-1.57400613,"Low Activity, Low Credit Score"
10709,689,275190,25,1,1,0,0,1,32862,4,180,24,10,0.0385,0,3,0.503623381,3.130077982,"Moderate Activity, Moderate Mortgage"
10274,810,244774,2,0,0,0,0,1,538,2,53,60,24,0.0385,0,0,-1.888499719,0.536312049,"Low Activity, High Credit Score"
10454,751,203693,88,1,0,1,0,1,118139,7,302,60,7,0.0279,0,5,2.401582809,-0.206572982,"High Activity, Low Mortgage"
10014,444,1509560.39,4,0,0,0,0,1,96839.51,2,35,60,25,0.0259,1,6,-2.587948898,-1.581729729,"Low Activity, Low Credit Score"
9998,715,1247516.94,44,1,0,1,1778.468099,1,15406.83,7,272,60,16,0.0385,1,4,2.453190889,-1.2136741,"High Activity, Very High Mortgage"
10435,724,1248456,44,1,0,1,1778.468099,1,15688,7,277,60,16,0.0385,0,4,2.481848453,-1.2059678,"High Activity, Very High Mortgage"
10032,825,900822.64,111,1,0,1,2148.674206,1,212294.86,8,60,48,10.5,0.0309,1,4,3.313917203,-1.904422472,"High Activity, Very High Mortgage"
10512,814,211544,3,0,0,1,0,1,20283,2,65,60,25,0.0269,0,0,-1.76353029,-1.330026982,"Low Activity, High Credit Score"
10338,724,1248461,44,1,0,1,1778.468099,1,15690,7,277,60,16,0.0385,0,4,2.481852433,-1.205975483,"High Activity, Very High Mortgage"
10206,769,576868,5,0,0,1,0,1,55838,2,60,60,25,0.0259,0,0,-1.754551142,-1.754242732,"Low Activity, High Credit Score"
10411,814,211545,3,0,0,1,0,1,20283,2,65,60,25,0.0269,0,0,-1.763530167,-1.330027726,"Low Activity, High Credit Score"
10419,824,361173,49,1,0,0,0,1,7897,4,412,60,5,0.0385,0,5,1.580802506,2.134318838,"High Activity, Low Mortgage"
10564,774,402887,1,0,0,0,0,1,479,1,45,60,16,0.0385,0,0,-1.875207105,0.868960076,"Low Activity, High Credit Score"
10490,453,1510508,4,0,0,0,0,1,97124,2,40,60,25,0.0259,0,6,-2.559284697,-1.57403637,"Low Activity, Low Credit Score"
10475,778,1202937,135,1,1,1,0,1,10415,5,105,60,5,0.0345,0,2,2.614037143,0.145983973,"High Activity, High Mortgage"
10013,555,310750.69,1,0,0,0,0,1,282.03,2,35,60,25,0.0269,1,6,-2.712814358,-0.425688034,"Low Activity, Low Credit Score"
10771,835,901773,111,1,0,1,2148.674206,1,212580,8,65,48,10.5,0.0309,0,4,3.344274187,-1.896746935,"High Activity, Very High Mortgage"
10199,454,1510517,4,0,0,0,0,1,97127,2,40,60,25,0.0259,0,6,-2.557587191,-1.574063498,"Low Activity, Low Credit Score"
10658,775,402897,1,0,0,0,0,1,482,1,45,60,16,0.0385,0,0,-1.873509477,0.868932203,"Low Activity, High Credit Score"
10767,578,611220,97,0,1,1,508,1,4614,6,83,60,16,0.0279,0,2,0.695525946,-0.917415664,"High Activity, High Mortgage"
10447,774,649393,6,1,0,1,0,1,409356,5,127,60,15,0.0279,0,1,1.00108909,-1.674282322,"Moderate Activity, High Mortgage"
10571,835,901785,111,1,0,1,2148.674206,1,212584,8,65,48,10.5,0.0309,0,4,3.344282393,-1.896763789,"High Activity, Very High Mortgage"
10743,819,52477,46,1,1,0,0,1,207931,6,421,60,17,0.0279,0,5,2.002737232,1.100821702,"High Activity, Low Mortgage"
10530,690,275228,25,1,1,0,0,1,32874,4,180,24,10,0.0385,0,3,0.505339594,3.130011443,"Moderate Activity, Moderate Mortgage"
10748,834,1001853,2,0,0,0,0,1,305,2,105,60,12,0.0279,0,0,-1.456701887,-0.077592255,"Low Activity, High Credit Score"
10037,760,575923.87,5,0,0,1,0,1,55555,2,55,60,25,0.0259,1,0,-1.783212408,-1.761941634,"Low Activity, High Credit Score"
10238,725,1248484,44,1,0,1,1778.468099,1,15697,7,277,60,16,0.0385,0,4,2.483558389,-1.206020955,"High Activity, Very High Mortgage"
10583,454,1510529,4,0,0,0,0,1,97130,2,40,60,25,0.0259,0,6,-2.55758067,-1.574078372,"Low Activity, Low Credit Score"
10758,775,402909,1,0,0,0,0,1,486,1,45,60,16,0.0385,0,0,-1.873501272,0.868915348,"Low Activity, High Credit Score"
10125,825,361199,49,1,0,0,0,1,7905,4,412,60,5,0.0385,0,5,1.582510513,2.134269153,"High Activity, Low Mortgage"
10480,835,901800,111,1,0,1,2148.674206,1,212588,8,65,48,10.5,0.0309,0,4,3.344290965,-1.896782876,"High Activity, Very High Mortgage"
10575,779,1202967,135,1,1,1,0,1,10424,5,105,60,5,0.0345,0,2,2.615747324,0.145929331,"High Activity, High Mortgage"
10269,834,1001871,2,0,0,0,0,1,310,2,105,60,12,0.0279,0,0,-1.456691263,-0.077615555,"Low Activity, High Credit Score"
10085,809,51512.9,46,1,1,0,0,1,207641.47,6,416,60,17,0.0279,1,5,1.972371173,1.093165087,"High Activity, Low Mortgage"
10360,834,1001872,2,0,0,0,0,1,311,2,105,60,12,0.0279,0,0,-1.456689457,-0.07761828,"Low Activity, High Credit Score"
10421,690,275247,25,1,1,0,0,1,32879,4,180,24,10,0.0385,0,3,0.50535034,3.129987399,"Moderate Activity, Moderate Mortgage"
10465,811,244831,2,0,0,0,0,1,555,2,53,60,24,0.0385,0,0,-1.88677276,0.536221465,"Low Activity, High Credit Score"
10333,690,275248,25,1,1,0,0,1,32880,4,180,24,10,0.0385,0,3,0.505352147,3.129984673,"Moderate Activity, Moderate Mortgage"
10052,568,610258.05,97,0,1,1,508,1,4325.65,6,78,60,16,0.0279,1,2,0.665162137,-0.925076217,"High Activity, High Mortgage"
10704,815,211586,3,0,0,1,0,1,20296,2,65,60,25,0.0269,0,0,-1.761811903,-1.330098479,"Low Activity, High Credit Score"
10043,809,51512.9,46,1,1,0,0,1,207641.47,6,416,60,17,0.0279,1,5,1.972371173,1.093165087,"High Activity, Low Mortgage"
10401,815,211589,3,0,0,1,0,1,20297,2,65,60,25,0.0269,0,0,-1.761809852,-1.330102692,"Low Activity, High Credit Score"
10715,690,275253,25,1,1,0,0,1,32881,4,180,24,10,0.0385,0,3,0.505354443,3.129978971,"Moderate Activity, Moderate Mortgage"
10491,364,302212,1,0,0,0,0,1,52099,3,65,24,12,0.0304,0,6,-2.385612251,1.444065111,"Low Activity, Low Credit Score"
10229,725,1248510,44,1,0,1,1778.468099,1,15705,7,277,60,16,0.0385,0,4,2.483575045,-1.206056152,"High Activity, Very High Mortgage"
10098,454,1510553,4,0,0,0,0,1,97137,2,40,60,25,0.0259,0,6,-2.557565943,-1.574110099,"Low Activity, Low Credit Score"
10612,690,275258,25,1,1,0,0,1,32883,4,180,24,10,0.0385,0,3,0.505358423,3.129971288,"Moderate Activity, Moderate Mortgage"
10467,775,402935,1,0,0,0,0,1,493,1,45,60,16,0.0385,0,0,-1.8734863,0.868882133,"Low Activity, High Credit Score"
10298,470,931507,1,0,0,0,0,1,13210,2,40,48,23.5,0.0314,0,6,-2.671382814,-0.155227202,"Low Activity, Low Credit Score"
10546,819,52509,46,1,1,0,0,1,207940,6,421,60,17,0.0279,0,5,2.002756306,1.100780059,"High Activity, Low Mortgage"
10737,819,52510,46,1,1,0,0,1,207940,6,421,60,17,0.0279,0,5,2.002756429,1.100779315,"High Activity, Low Mortgage"
10393,454,1510558,4,0,0,0,0,1,97139,2,40,60,25,0.0259,0,6,-2.557561963,-1.574117782,"Low Activity, Low Credit Score"
10129,725,1248515,44,1,0,1,1778.468099,1,15706,7,277,60,16,0.0385,0,4,2.483577341,-1.206061853,"High Activity, Very High Mortgage"
